Date,Treatment,Replicate,BagWeight,Cores,WetWeight,DryWeightPlusBag,Moisture,Comments
3/18/2002,T1,R1,5.989,10,45.06,44.79,16.13102755,
3/18/2002,T1,R2,5.989,10,40.65,40.9,16.43894475,
3/18/2002,T1,R3,5.989,10,45.97,44.34,19.86649631,
3/18/2002,T1,R4,5.989,10,40.51,40.28,18.13595404,
3/18/2002,T1,R5,5.989,10,43.17,42.78,17.33847952,
3/18/2002,T1,R6,5.989,10,49.5,50.22,11.91245959,
3/18/2002,T2,R1,5.989,10,43.99,43.32,17.837722,
3/18/2002,T2,R2,5.989,10,40.29,41.03,14.97959533,
3/18/2002,T2,R3,5.989,10,42.78,41.42,20.74172335,
3/18/2002,T2,R4,5.989,10,46.07,44.44,19.81482926,
3/18/2002,T21,R5,5.989,10,45.2,44.76,16.58198138,
3/18/2002,T2,R6,5.989,10,46.93,46.44,16.01690935,
3/18/2002,T3,R1,5.989,10,41.46,41.9,15.45208989,
3/18/2002,T3,R2,5.989,10,40.72,41.21,15.61284461,
3/18/2002,T3,R3,5.989,10,41.43,41.78,15.75535749,
3/18/2002,T3,R4,5.989,10,42.86,42.33,17.93841666
3/18/2002,T3,R5,5.989,10,44.85,43.54,19.43756491
3/18/2002,T3,R6,5.989,10,44.61,44.85,14.79375209
3/18/2002,T4,R1,5.989,10,42.2,41.97,17.28412218
3/18/2002,T4,R2,5.989,10,42.03,41.45,18.5245763
3/18/2002,T4,R3,5.989,10,41.82,41.12,19.04016396
3/18/2002,T4,R4,5.989,10,43.12,41.94,19.94103085
3/18/2002,T4,R5,5.989,10,41.7,41.14,18.6310489
3/18/2002,T4,R6,5.989,10,45.24,45.4,14.79028698
3/18/2002,T5,R1,5.989,10,42.39,41.32,19.9796213
3/18/2002,T5,R2,5.989,10,40.007,40.06,17.42244137
3/18/2002,T5,R3,5.989,10,41.26,41.6,15.86307602
3/18/2002,T5,R4,5.989,10,46.92,45.62,18.39216775
3/18/2002,T5,R5,5.989,10,45.87,44.34,19.60574692
3/18/2002,T5,R6,5.989,10,42.21,40.98,20.6310194
3/18/2002,T6,R1,5.989,10,43.49,42.68,18.53042981
3/18/2002,T6,R2,5.989,10,49.59,48.58,16.43304924
3/18/2002,T6,R3,5.989,10,42.82,42.54,17.15137753
3/18/2002,T6,R4,5.989,10,42.69,42.02,18.48130776
3/18/2002,T6,R5,5.989,10,42.83,42.38,17.69393531
3/18/2002,T6,R6,5.989,10,42.19,42.75,14.76836865
3/18/2002,T7,R1,5.989,10,42.78,42.79,16.24684112
3/18/2002,T7,R2,5.989,10,42.35,41.11,20.5831269
3/18/2002,T7,R3,5.989,10,42.53,41.35,20.27374791
3/18/2002,T7,R4,5.989,10,42.77,41.8,19.43257658
3/18/2002,T7,R5,5.989,10,44.05,42.56,20.45063028
3/18/2002,T7,R6,5.989,10,46.76,45.09,19.58773433
3/18/2002,T8,R1,5.989,10,47.82,44.86,23.02230455
3/18/2002,T8,R2,5.989,10,45.62,42.83,23.82942917
3/18/2002,T8,R3,5.989,10,49.38,46.17,22.89390508
3/18/2002,T8,R4,5.989,10,48.92,45.97,22.35812011
3/18/2002,TCF,R1,5.989,10,40.41,41.39,14.14931782
3/18/2002,TCF,R2,5.989,10,42.12,41.81,17.58465704
3/18/2002,TCF,R3,5.989,10,41.08,40.4,19.38043068
3/18/2002,TDF,R1,5.989,10,43.47,41.6,22.06902362
3/18/2002,TDF,R2,5.989,10,45.47,43.21,22.16222025
3/18/2002,TDF,R3,5.989,10,41.86,41.19,18.91707622
3/18/2002,TSF,R1,5.989,10,43.36,43.49,15.62358337
3/18/2002,TSF,R2,5.989,10,48.27,46.51,19.12341749
3/18/2002,TSF,R3,5.989,10,47.49,47.63,14.04625249
4/3/2002,T1,R1,4.021,10,44.4,41.98,16.96830791
4/3/2002,T1,R2,4.021,10,41.09,38.86,17.94253566
4/3/2002,T1,R3,4.021,10,40.62,37.45,21.51126268
4/3/2002,T1,R4,4.021,10,40.92,38.69,18.03051718
4/3/2002,T1,R5,4.021,10,42.07,39.75,17.74748803
4/3/2002,T1,R6,4.021,10,45.48,44.34,12.80041668
4/3/2002,T2,R1,4.021,10,45.09,42.13,18.31850744
4/3/2002,T2,R2,4.021,10,44.88,42.61,16.30257327
4/3/2002,T2,R3,4.021,10,44.35,40.8,20.58511651
4/3/2002,T2,R4,4.021,10,44.1,40.38,21.29046453
4/3/2002,T21,R5,4.021,10,43.89,41.64,16.66976794
4/3/2002,T2,R6,4.021,10,44.56,42.17,16.80515872
4/3/2002,T3,R1,4.021,10,45.89,43.76,15.47849719
4/3/2002,T3,R2,4.021,10,42.01,40.01,16.73011198
4/3/2002,T3,R3,4.021,10,44.99,42.56,16.73888788
4/3/2002,T3,R4,4.021,10,43.27,39.91,20.5661902
4/3/2002,T3,R5,4.021,10,40.39,37.48,20.71490481
4/3/2002,T3,R6,4.021,10,44.01,42.04,15.75791052
4/3/2002,T4,R1,4.021,10,43.34,40.91,17.48759793
4/3/2002,T4,R2,4.021,10,46.24,43.08,18.3850073
4/3/2002,T4,R3,4.021,10,43.36,40.15,20.01439287
4/3/2002,T4,R4,4.021,10,45.4,42.07,19.31982444
4/3/2002,T4,R5,4.021,10,42.84,40.07,18.83824794
4/3/2002,T4,R6,4.021,10,43.77,41.95,15.39982599
4/3/2002,T5,R1,4.021,10,40.23,37.72,19.38039704
4/3/2002,T5,R2,4.021,10,42.72,40.81,16.1216668
4/3/2002,T5,R3,4.021,10,44.19,41.84,16.84602977
4/3/2002,T5,R4,4.021,10,40.53,38.82,16.46886405
4/3/2002,T5,R5,4.021,10,44.52,42.05,17.06855295
4/3/2002,T5,R6,4.021,10,47.8,43.29,21.72451552
4/3/2002,T6,R1,4.021,10,45.34,42.04,19.25616139
4/3/2002,T6,R2,4.021,10,41.88,39.57,17.80922108
4/3/2002,T6,R3,4.021,10,42.87,40.39,17.87511342
4/3/2002,T6,R4,4.021,10,42.34,39.79,18.37065615
4/3/2002,T6,R5,4.021,10,43.92,40.88,19.15678667
4/3/2002,T6,R6,4.021,10,41.65,40.04,15.6334157
4/3/2002,T7,R1,4.021,10,40.8,38.85,17.14375951
4/3/2002,T7,R2,4.021,10,42.52,39.25,20.69601749
4/3/2002,T7,R3,4.021,10,42.85,39.62,20.36854968
4/3/2002,T7,R4,4.021,10,43.21,40.35,18.9407911
4/3/2002,T7,R5,4.021,10,48.05,43.92,20.42908344
4/3/2002,T7,R6,4.021,10,41.43,38.32,20.79069361
4/3/2002,T8,R1,4.021,10,42.99,38.89,23.29002839
4/3/2002,T8,R2,4.021,10,41,37.06,24.09576561
4/3/2002,T8,R3,4.021,10,44.12,39.26,25.20219075
4/3/2002,T8,R4,4.021,10,41.85,37.91,23.49139839
4/3/2002,TCF,R1,4.021,10,41.02,38.76,18.08054348
4/3/2002,TCF,R2,4.021,10,41.3,39,18.07084251
4/3/2002,TCF,R3,4.021,10,41.54,38.89,19.13160687
4/3/2002,TDF,R1,4.021,10,47.69,43.29,21.44439634
4/3/2002,TDF,R2,4.021,10,43.92,40.87,19.18912318
4/3/2002,TDF,R3,4.021,10,40.75,38.11,19.54002757
4/3/2002,TSF,R1,4.021,10,41.64,39.91,16.02440859
4/3/2002,TSF,R2,4.021,10,42.47,39.6,19.36816662
4/3/2002,TSF,R3,4.021,10,42.32,40.88,14.81592013
4/17/2002,T1,R1,4.018,10,48.9,46.65,14.70257084
4/17/2002,T1,R2,4.018,10,44.3,42.13,16.236356
4/17/2002,T1,R3,4.018,10,42.39,39.68,18.86601985
4/17/2002,T1,R4,4.018,10,42.66,40.93,15.57217165
4/17/2002,T1,R5,4.018,10,45.22,43.22,15.35125759
4/17/2002,T1,R6,4.018,10,47.71,47.4,9.976487944
4/17/2002,T2,R1,4.018,10,44.12,42.1,15.8552597
4/17/2002,T2,R2,4.018,10,43.75,42.26,14.40301239
4/17/2002,T2,R3,4.018,10,42.62,39.88,18.84445932
4/17/2002,T2,R4,4.018,10,46.41,43.11,18.7199427
4/17/2002,T21,R5,4.018,10,42.84,41.46,14.41696491
4/17/2002,T2,R6,4.018,10,42.01,40.88,13.96560143
4/17/2002,T3,R1,4.018,10,43.81,42.46,13.96389366
4/17/2002,T3,R2,4.018,10,46.62,44.64,14.76539806
4/17/2002,T3,R3,4.018,10,44.73,42.86,15.15884867
4/17/2002,T3,R4,4.018,10,41.11,39.21,16.81632189
4/17/2002,T3,R5,4.018,10,43.04,40.61,17.621338
4/17/2002,T3,R6,4.018,10,49.32,47.4,13.68770458
4/17/2002,T4,R1,4.018,10,40.95,39.21,16.36167311
4/17/2002,T4,R2,4.018,10,43.33,40.98,17.22850495
4/17/2002,T4,R3,4.018,10,44.96,41.88,18.74702868
4/17/2002,T4,R4,4.018,10,43.2,40.8,17.44875211
4/17/2002,T4,R5,4.018,10,44.46,41.85,17.51956016
4/17/2002,T4,R6,4.018,10,45.75,44.36,13.40538397
4/17/2002,T5,R1,4.018,10,43.56,40.74,18.62099014
4/17/2002,T5,R2,4.018,10,42.86,40.73,16.74656788
4/17/2002,T5,R3,4.018,10,41.66,40.31,14.79113854
4/17/2002,T5,R4,4.018,10,42.86,40.53,17.38606486
4/17/2002,T5,R5,4.018,10,48.62,45.16,18.17607311
4/17/2002,T5,R6,4.018,10,43.19,39.67,21.14327387
4/17/2002,T6,R1,4.018,10,43.36,41.3,16.30277346
4/17/2002,T6,R2,4.018,10,43.01,41.57,14.53451214
4/17/2002,T6,R3,4.018,10,42.27,40.38,16.24773115
4/17/2002,T6,R4,4.018,10,44.32,42.07,16.47219594
4/17/2002,T6,R5,4.018,10,41.2,39.46,16.2462615
4/17/2002,T6,R6,4.018,10,45.21,44.15,12.65324429
4/17/2002,T7,R1,4.018,10,42.17,40.35,16.06847958
4/17/2002,T7,R2,4.018,10,41.64,38.74,19.92396751
4/17/2002,T7,R3,4.018,10,43.2,40.37,18.83802817
4/17/2002,T7,R4,4.018,10,42.02,39.72,17.69648759
4/17/2002,T7,R5,4.018,10,44.16,40.85,19.89574283
4/17/2002,T7,R6,4.018,10,42.64,40.03,18.40497612
4/17/2002,T8,R1,4.018,10,45.44,41.18,22.27544266
4/17/2002,T8,R2,4.018,10,42.78,39.02,22.22158734
4/17/2002,T8,R3,4.018,10,43.45,39.4,22.80255497
4/17/2002,T8,R4,4.018,10,42.99,39.31,21.81230874
4/17/2002,TCF,R1,4.018,10,44.82,42.39,16.80391952
4/17/2002,TCF,R2,4.018,10,42.65,40.5,16.90696782
4/17/2002,TCF,R3,4.018,10,46.97,43.54,18.84520014
4/17/2002,TDF,R1,4.018,10,42.67,39.75,19.41676928
4/17/2002,TDF,R2,4.018,10,43.57,40.13,20.65241471
4/17/2002,TDF,R3,4.018,10,49.52,46.29,17.14610144
4/17/2002,TSF,R1,4.018,10,43.95,43.21,12.1402327
4/17/2002,TSF,R2,4.018,10,41.91,39.35,18.61768369
4/17/2002,TSF,R3,4.018,10,45.17,43.58,14.17521864
5/8/2002,T1,R1,6.604,10,44.93,45.97,14.13402428
5/8/2002,T1,R2,6.604,10,43.06,43.79,15.79626741
5/8/2002,T1,R3,6.604,10,43.57,43.26,18.86185072
5/8/2002,T1,R4,6.604,10,41.41,42.5,15.36104301
5/8/2002,T1,R5,6.604,10,43.5,44.29,15.4274797
5/8/2002,T1,R6,6.604,10,45.57,47.71,10.85972851
5/8/2002,T2,R1,6.604,10,45.39,45.7,16.09883364
5/8/2002,T2,R2,6.604,10,42.84,44.2,13.94829237
5/8/2002,T2,R3,6.604,10,42.59,42.32,19.24627618
5/8/2002,T2,R4,6.604,10,49.37,48.34,18.2911635
5/8/2002,T21,R5,6.604,10,41.81,43.17,14.34119127
5/8/2002,T2,R6,6.604,10,44.95,45.97,14.18482955
5/8/2002,T3,R1,6.604,10,49.43,50,13.90450733
5/8/2002,T3,R2,6.604,10,42.1,43.27,14.82026946
5/8/2002,T3,R3,6.604,10,45.04,46.08,14.09463978
5/8/2002,T3,R4,6.604,10,47.67,47.37,16.9356817
5/8/2002,T3,R5,6.604,10,43.69,43.5,18.41392021
5/8/2002,T3,R6,6.604,10,45.53,45.92,15.80527012
5/8/2002,T4,R1,6.604,10,44.37,44.65,16.62198391
5/8/2002,T4,R2,6.604,10,43.51,44.01,16.31823772
5/8/2002,T4,R3,6.604,10,46.32,46.04,17.45613145
5/8/2002,T4,R4,6.604,10,47.23,46.97,17.00440965
5/8/2002,T4,R5,6.604,10,40.45,41.12,17.19202689
5/8/2002,T4,R6,6.604,10,42.94,44.36,13.73026804
5/8/2002,T5,R1,6.604,10,44.67,44.39,18.21838776
5/8/2002,T5,R2,6.604,10,42.27,43.12,15.75747617
5/8/2002,T5,R3,6.604,10,41.06,42.29,15.05912683
5/8/2002,T5,R4,6.604,10,49.27,48.46,17.71311162
5/8/2002,T5,R5,6.604,10,41.98,41.97,18.70157779
5/8/2002,T5,R6,6.604,10,41.35,40.79,20.95594688
5/8/2002,T6,R1,6.604,10,48.06,48.31,15.23521795
5/8/2002,T6,R2,6.604,10,42.64,43.97,14.11443558
5/8/2002,T6,R3,6.604,10,41.82,43.08,14.65072925
5/8/2002,T6,R4,6.604,10,44.26,44.8,15.87600796
5/8/2002,T6,R5,6.604,10,43.26,43.93,15.89776563
5/8/2002,T6,R6,6.604,10,40.81,41.73,16.18174572
5/8/2002,T7,R1,6.604,10,46.43,46.94,15.10809203
5/8/2002,T7,R2,6.604,10,43.01,43.26,17.33413357
5/8/2002,T7,R3,6.604,10,42.97,43.08,17.80348722
5/8/2002,T7,R4,6.604,10,45.73,45.94,16.25483018
5/8/2002,T7,R5,6.604,10,42.92,42.99,17.95745616
5/8/2002,T7,R6,6.604,10,41.33,41.61,18.06547449
5/8/2002,T8,R1,6.604,10,42,41.31,21.01653893
5/8/2002,T8,R2,6.604,10,41.09,40.61,20.83161795
5/8/2002,T8,R3,6.604,10,42.99,44.33,13.9532418
5/8/2002,T8,R4,6.604,10,46.24,45.08,20.17881277
5/8/2002,TCF,R1,6.604,10,45.11,45.69,15.41216804
5/8/2002,TCF,R2,6.604,10,41.68,43.31,13.55091811
5/8/2002,TCF,R3,6.604,10,43.3,43.58,17.10298572
5/8/2002,TDF,R1,6.604,10,41.39,40.43,22.36149707
5/8/2002,TDF,R2,6.604,10,43.4,42.35,21.41218598
5/8/2002,TDF,R3,6.604,10,44.84,44.63,17.91931836
5/8/2002,TSF,R1,6.604,10,42.45,44.53,11.92849233
5/8/2002,TSF,R2,6.604,10,43.54,43.62,17.62481089
5/8/2002,TSF,R3,6.604,10,44.95,46.34,13.12160258
5/22/2002,T1,R1,3.143,10,43.83,41.52,14.20903145
5/22/2002,T1,R2,3.143,10,45.05,41.86,16.35715577
5/22/2002,T1,R3,3.143,10,41.89,38.42,18.74592511
5/22/2002,T1,R4,3.143,10,41.45,39.1,15.27658036
5/22/2002,T1,R5,3.143,10,41.54,39.26,15.01508985
5/22/2002,T1,R6,3.143,10,43.2,42.16,10.72096778
5/22/2002,T2,R1,3.143,10,45.48,42.41,15.82244633
5/22/2002,T2,R2,3.143,10,44.04,41.52,14.7562342
5/22/2002,T2,R3,3.143,10,42.46,38.76,19.21273549
5/22/2002,T2,R4,3.143,10,41.43,38.02,18.78888666
5/22/2002,T21,R5,3.143,10,40.92,38.95,14.27933086
5/22/2002,T2,R6,3.143,10,40.99,39.16,13.80736874
5/22/2002,T3,R1,3.143,10,44.4,42.12,13.9133335
5/22/2002,T3,R2,3.143,10,46.54,43.97,13.99319078
5/22/2002,T3,R3,3.143,10,44.89,42.38,14.40731962
5/22/2002,T3,R4,3.143,10,42.45,39.64,16.31092967
5/22/2002,T3,R5,3.143,10,45.16,41.33,18.26014089
5/22/2002,T3,R6,3.143,10,41.97,39.73,14.71287616
5/22/2002,T4,R1,3.143,10,46.28,42.84,16.58311711
5/22/2002,T4,R2,3.143,10,41.94,39.19,16.34810109
5/22/2002,T4,R3,3.143,10,47.73,43.69,17.71524404
5/22/2002,T4,R4,3.143,10,43.62,40.4,17.07866978
5/22/2002,T4,R5,3.143,10,41.91,38.91,17.17504963
5/22/2002,T4,R6,3.143,10,47.01,44.28,14.27668522
5/22/2002,T5,R1,3.143,10,45.99,42.38,17.21079593
5/22/2002,T5,R2,3.143,10,46.43,43.17,15.99670223
5/22/2002,T5,R3,3.143,10,43.99,41.5,14.68571578
5/22/2002,T5,R4,3.143,10,44.48,41.29,16.60156762
5/22/2002,T5,R5,3.143,10,46.17,42.15,18.36337068
5/22/2002,T5,R6,3.143,10,42.27,38,21.26689044
5/22/2002,T6,R1,3.143,10,40.94,38.08,17.18235681
5/22/2002,T6,R2,3.143,10,48.99,45.71,15.08915357
5/22/2002,T6,R3,3.143,10,49.78,45.8,16.69831446
5/22/2002,T6,R4,3.143,10,48.4,44.29,17.6270445
5/22/2002,T6,R5,3.143,10,41.96,38.7,18.00770594
5/22/2002,T6,R6,3.143,10,44.37,42.08,13.95330919
5/22/2002,T7,R1,3.143,10,47.34,44.86,13.47891747
5/22/2002,T7,R2,3.143,10,48.25,44.28,17.29100323
5/22/2002,T7,R3,3.143,10,43.51,40.12,17.66773941
5/22/2002,T7,R4,3.143,10,43.6,40.57,16.49344056
5/22/2002,T7,R5,3.143,10,42.15,39.17,16.99558664
5/22/2002,T7,R6,3.143,10,49.63,45.46,17.2814708
5/22/2002,T8,R1,3.143,10,47.2,41.94,21.65889115
5/22/2002,T8,R2,3.143,10,43.19,38.92,20.72001565
5/22/2002,T8,R3,3.143,10,46.5,41.49,21.2611156
5/22/2002,T8,R4,3.143,10,46.84,41.96,20.66877914
5/22/2002,TCF,R1,3.143,10,47.67,44.33,15.74040353
5/22/2002,TCF,R2,3.143,10,42.56,39.96,15.59877231
5/22/2002,TCF,R3,3.143,10,42.81,38.69,20.43210398
5/22/2002,TDF,R1,3.143,10,43.42,39,21.0921159
5/22/2002,TDF,R2,3.143,10,42,38.52,18.72120304
5/22/2002,TDF,R3,3.143,10,43.79,40.15,18.32896479,
5/22/2002,TSF,R1,3.143,10,42.49,40.98,12.29748659,
5/22/2002,TSF,R2,3.143,10,49.84,45.8,16.83897133,
5/22/2002,TSF,R3,3.143,10,46.28,44.01,13.24540583,
6/5/2002,T1,R1,3.143,10,45.58,42.69,15.25526589,
6/5/2002,T1,R2,3.143,10,46.4,48.43,2.457658931,outlier
6/5/2002,T1,R3,3.143,10,45.07,40.41,20.93809537,
6/5/2002,T1,R4,3.143,10,49.72,45.85,16.42119559,
6/5/2002,T1,R5,3.143,10,44.95,41.66,16.70171613,
6/5/2002,T1,R6,3.143,10,49.51,47.24,12.27521147,
6/5/2002,T2,R1,3.143,10,45.04,41.57,17.20925391,
6/5/2002,T2,R2,3.143,10,45.98,42.91,15.62350693,
6/5/2002,T2,R3,3.143,10,43.94,45.2,4.477257056,outlier
6/5/2002,T2,R4,3.143,10,45.75,41.62,18.90220132,
6/5/2002,T21,R5,3.143,10,46.79,43.68,15.42541382,
6/5/2002,T2,R6,3.143,10,47.53,50.56,0.238311154,outlier
6/5/2002,T3,R1,3.143,10,45.71,42.71,15.52556423,
6/5/2002,T3,R2,3.143,10,47.98,44.67,15.53928769,
6/5/2002,T3,R3,3.143,10,46.08,42.93,15.81672406,
6/5/2002,T3,R4,3.143,10,47.25,43.46,17.19621996,
6/5/2002,T3,R5,3.143,10,49.3,50.36,4.411546689,
6/5/2002,T3,R6,3.143,10,48.99,45.84,14.73874043,
6/5/2002,T4,R1,3.143,10,47.76,43.51,18.31446479,
6/5/2002,T4,R2,3.143,10,46.5,42.78,17.31463027,
6/5/2002,T4,R3,3.143,10,47.11,42.78,18.85359639,
6/5/2002,T4,R4,3.143,10,44.39,40.81,17.84851461,
6/5/2002,T4,R5,3.143,10,47.78,49.47,3.13639994,outlier
6/5/2002,T4,R6,3.143,10,47.42,44.59,14.41117572,
6/5/2002,T5,R1,3.143,10,48.46,44.15,18.17494574,
6/5/2002,T5,R2,3.143,10,43.85,40.94,16.01449851,
6/5/2002,T5,R3,3.143,10,49.8,46.58,14.64880171,
6/5/2002,T5,R4,3.143,10,48.27,44.59,16.4619876,
6/5/2002,T5,R5,3.143,10,45.52,41.54,18.55092846
6/5/2002,T5,R6,3.143,10,43.68,45.17,3.933185809
6/5/2002,T6,R1,3.143,10,43.08,39.96,17.01116332
6/5/2002,T6,R2,3.143,10,45.72,42.5,16.16739081
6/5/2002,T6,R3,3.143,10,45.94,42.69,16.16557514
6/5/2002,T6,R4,3.143,10,47.02,43.27,17.17795998
6/5/2002,T6,R5,3.143,10,47.74,43.72,17.65285753
6/5/2002,T6,R6,3.143,10,48.02,45.42,13.58421837
6/5/2002,T7,R1,3.143,10,47.49,44.97,13.53910154
6/5/2002,T7,R2,3.143,10,46.15,42.95,15.9343834
6/5/2002,T7,R3,3.143,10,47.68,44.45,15.42837776
6/5/2002,T7,R4,3.143,10,49.28,45.98,15.04073581
6/5/2002,T7,R5,3.143,10,43.4,40.81,15.22021929
6/5/2002,T7,R6,3.143,10,44.99,41.66,16.80556637
6/5/2002,T8,R1,3.143,10,43.72,39.75,19.43070997
6/5/2002,T8,R2,3.143,10,47.3,42.56,19.99898521
6/5/2002,T8,R3,3.143,10,46.93,41.85,21.24421939,
6/5/2002,T8,R4,3.143,10,46.88,41.61,21.87069436,
6/5/2002,TCF,R1,3.143,10,45.47,42.84,14.54266065,
6/5/2002,TCF,R2,3.143,10,41.55,44.96,-0.638496305,negative #
6/5/2002,TCF,R3,3.143,10,43.03,40.25,15.96194788,
6/5/2002,TDF,R1,3.143,10,46.07,40.78,22.40614289,
6/5/2002,TDF,R2,3.143,10,40.93,37.19,20.21617176,
6/5/2002,TDF,R3,3.143,10,43.7,39.8,19.21324713,
6/5/2002,TSF,R1,3.143,10,46.66,44.33,13.28817345,
6/5/2002,TSF,R2,3.143,10,44.07,40.6,17.65491096,
6/5/2002,TSF,R3,3.143,10,43.7,41.03,15.34299364,
6/19/2002,T1,R1,3.125,10,49.66,48.093,10.43408646,
6/19/2002,T1,R2,3.125,10,42,40.29,13.009552,
6/19/2002,T1,R3,3.125,10,41.66,39.02,16.06073269,
6/19/2002,T1,R4,3.125,10,42.75,41.36,11.80855237,
6/19/2002,T1,R5,3.125,10,43.57,41.94,12.25041865,
6/19/2002,T1,R6,3.125,10,41.55,41.68,7.76812346
6/19/2002,T2,R1,3.125,10,42.67,41.13,12.2747007
6/19/2002,T2,R2,3.125,10,40.92,39.74,11.75747644
6/19/2002,T2,R3,3.125,10,41.67,38.87,16.57574486
6/19/2002,T2,R4,3.125,10,43.43,40.66,15.70534168
6/19/2002,T21,R5,3.125,10,41.12,39.62,12.6729689
6/19/2002,T2,R6,3.125,10,44.75,43.2,11.66562695
6/19/2002,T3,R1,3.125,10,43.47,43,9.015673981
6/19/2002,T3,R2,3.125,10,43.43,42.24,11.03157357
6/19/2002,T3,R3,3.125,10,42.5,40.8,12.80690113
6/19/2002,T3,R4,3.125,10,43.32,41.49,12.9154177
6/19/2002,T3,R5,3.125,10,40.94,38.93,14.34157241
6/19/2002,T3,R6,3.125,10,41.41,40.24,11.57214064
6/19/2002,T4,R1,3.125,10,43.58,41.41,13.83048191
6/19/2002,T4,R2,3.125,10,46.41,44.4,12.44094488
6/19/2002,T4,R3,3.125,10,42.14,39.95,14.43312967
6/19/2002,T4,R4,3.125,10,42.44,40.64,13.1280821
6/19/2002,T4,R5,3.125,10,40.1,38.59,13.06922318
6/19/2002,T4,R6,3.125,10,40.4,39.53,10.97376734
6/19/2002,T5,R1,3.125,10,43.85,42.29,11.96221116
6/19/2002,T5,R2,3.125,10,44.71,43.43,10.92916512
6/19/2002,T5,R3,3.125,10,47.62,46.53,9.710862804
6/19/2002,T5,R4,3.125,10,44.85,43.3,11.63658992
6/19/2002,T5,R5,3.125,10,42.36,40.69,12.76454146
6/19/2002,T5,R6,3.125,10,45.02,42.54,14.22047444
6/19/2002,T6,R1,3.125,10,46,44.62,10.85672973
6/19/2002,T6,R2,3.125,10,43.7,43.2,9.045539613
6/19/2002,T6,R3,3.125,10,44.52,43.42,10.48517186
6/19/2002,T6,R4,3.125,10,49.17,47.5,10.8056338
6/19/2002,T6,R5,3.125,10,46.33,44.67,11.51763148
6/19/2002,T6,R6,3.125,10,44.21,44.23,7.553825569
6/19/2002,T7,R1,3.125,10,47.25,48.09,5.081730235
6/19/2002,T7,R2,3.125,10,47.54,46.35,9.98264893
6/19/2002,T7,R3,3.125,10,45.19,44.84,8.330336809
6/19/2002,T7,R4,3.125,10,47.89,47.52,7.872508165
6/19/2002,T7,R5,3.125,10,48.57,47.78,8.767215317
6/19/2002,T7,R6,3.125,10,47.08,45.95,9.935785172
6/19/2002,T8,R1,3.125,10,45.25,44.25,10.03039514
6/19/2002,T8,R2,3.125,10,46.68,45.56,10.00353482
6/19/2002,T8,R3,3.125,10,45.55,44.52,10.03744414
6/19/2002,T8,R4,3.125,10,44.83,44.05,9.541844838
6/19/2002,TCF,R1,3.125,10,42.53,41.3,11.40798952
6/19/2002,TCF,R2,3.125,10,46.45,45.11,10.63475051
6/19/2002,TCF,R3,3.125,10,47.29,44.82,13.41887516
6/19/2002,TDF,R1,3.125,10,45.6,41.91,17.57122599
6/19/2002,TDF,R2,3.125,10,46.25,43.41,14.80700012
6/19/2002,TDF,R3,3.125,10,44.49,41.94,14.62063635
6/19/2002,TSF,R1,3.125,10,46.66,47.16,5.961167253
6/19/2002,TSF,R2,3.125,10,46.04,43.94,12.80166605
6/19/2002,TSF,R3,3.125,10,47.45,46.3,9.901563405
7/10/2002,T1,R1,3.123,10,44.94,42.85,13.12205805
7/10/2002,T1,R2,3.123,10,43.74,41.26,14.69176915
7/10/2002,T1,R3,3.123,10,43.73,39.93,18.80892222
7/10/2002,T1,R4,3.123,10,44.71,42.11,14.67925206
7/10/2002,T1,R5,3.123,10,41.44,39.46,14.04353689
7/10/2002,T1,R6,3.123,10,45.19,44.35,9.612632498
7/10/2002,T2,R1,3.123,10,47.37,44.37,14.84471598
7/10/2002,T2,R2,3.123,10,45.45,44.53,9.764049557
7/10/2002,T2,R3,3.123,10,44.45,43.01,11.43981748
7/10/2002,T2,R4,3.123,10,45.92,42.29,17.24155539
7/10/2002,T21,R5,3.123,10,44.63,42.56,13.16783731
7/10/2002,T2,R6,3.123,10,42.63,40.9,12.84644096
7/10/2002,T3,R1,3.123,10,44.27,42.39,12.74097843
7/10/2002,T3,R2,3.123,10,43.75,41.85,12.97027913
7/10/2002,T3,R3,3.123,10,49.89,47.78,11.71820767
7/10/2002,T3,R4,3.123,10,47.88,45.03,14.25298876
7/10/2002,T3,R5,3.123,10,47.27,44.23,14.99258034
7/10/2002,T3,R6,3.123,10,48.06,45.81,12.58697027
7/10/2002,T4,R1,3.123,10,45.11,42.39,14.88017929
7/10/2002,T4,R2,3.123,10,48.34,45.63,13.72244571
7/10/2002,T4,R3,3.123,10,42.85,40.73,13.94155343
7/10/2002,T4,R4,3.123,10,44.44,42.1,14.01595813
7/10/2002,T4,R5,3.123,10,41.7,39.9,13.38608369
7/10/2002,T4,R6,3.123,10,46.22,44.26,12.35627294
7/10/2002,T5,R1,3.123,10,47.65,45.37,12.78907378
7/10/2002,T5,R2,3.123,10,46.23,44.69,11.21803354
7/10/2002,T5,R3,3.123,10,43.39,42.13,11.23644474
7/10/2002,T5,R4,3.123,10,45.63,43.6,12.73068656
7/10/2002,T5,R5,3.123,10,47.18,45.05,12.52891931
7/10/2002,T5,R6,3.123,10,46.98,44.26,14.20375817
7/10/2002,T6,R1,3.123,10,41.89,40.95,10.7410051,
7/10/2002,T6,R2,3.123,10,47.01,45.92,9.844147954,
7/10/2002,T6,R3,3.123,10,45.92,44.61,10.68527491,
7/10/2002,T6,R4,3.123,10,48.16,46.6,10.77121237,
7/10/2002,T6,R5,3.123,10,49.24,46.03,14.7598294,
7/10/2002,T6,R6,3.123,10,47.15,48.05,4.948026799,
7/10/2002,T7,R1,3.123,10,47.92,47.66,7.595931473,
7/10/2002,T7,R2,3.123,10,47.43,46.17,10.18189421,
7/10/2002,T7,R3,3.123,10,48.15,47.05,9.613677237,
7/10/2002,T7,R4,3.123,10,48.74,47.72,9.289862547,
7/10/2002,T7,R5,3.123,10,48.26,53.37,-3.954464943,negative #
7/10/2002,T7,R6,3.123,10,46.64,44.64,12.33952357,
7/10/2002,T8,R1,3.123,10,46.54,43.88,14.18897367,
7/10/2002,T8,R2,3.123,10,47.18,45.07,12.47526641,
7/10/2002,T8,R3,3.123,10,47.86,45.56,12.7789429,
7/10/2002,T8,R4,3.123,10,46.76,44.9,11.92761567,
7/10/2002,TCF,R1,3.123,10,47.01,46.76,7.729678942
7/10/2002,TCF,R2,3.123,10,48.6,47.36,9.862784547
7/10/2002,TCF,R3,3.123,10,48.6,46.98,10.81469321
7/10/2002,TDF,R1,3.123,10,46.75,43.87,14.73237294
7/10/2002,TDF,R2,3.123,10,47.19,44.33,14.51937778
7/10/2002,TDF,R3,3.123,10,47.25,45.45,11.63087391
7/10/2002,TSF,R1,3.123,10,46.67,45.86,9.202798512
7/10/2002,TSF,R2,3.123,10,48.83,46.6,12.31225706
7/10/2002,TSF,R3,3.123,10,49.32,47.84,10.29362435
7/17/2002,T1,R1,7.7,10,47.85,51.27,9.823272894
7/17/2002,T1,R2,7.7,10,46.79,49.54,11.83078394
7/17/2002,T1,R3,7.7,10,48.49,49.76,15.28768426
7/17/2002,T1,R4,7.7,10,47.49,50.51,10.93202523
7/17/2002,T1,R5,7.7,10,48.4,51.36,10.85661933
7/17/2002,T1,R6,7.7,10,48.16,52.6,7.260579065
7/17/2002,T2,R1,7.7,10,45.87,48.75,11.74177832
7/17/2002,T2,R2,7.7,10,47.47,50.14,11.85202639
7/17/2002,T2,R3,7.7,10,45.48,46.74,16.49590164
7/17/2002,T2,R4,7.7,10,48.38,49.46,15.85249042
7/17/2002,T21,R5,7.7,10,47.51,49.97,12.3964987
7/17/2002,T2,R6,7.7,10,47.01,49.82,11.60968661
7/17/2002,T3,R1,7.7,10,45.57,48.44,11.8556701
7/17/2002,T3,R2,7.7,10,49.13,51.72,11.60835984
7/17/2002,T3,R3,7.7,10,48.79,51.8,10.63492063
7/17/2002,T3,R4,7.7,10,46.22,48.49,13.3120863
7/17/2002,T3,R5,7.7,10,49.33,50.52,15.20317609
7/17/2002,T3,R6,7.7,10,47.47,50.13,11.87838793
7/17/2002,T4,R1,7.7,10,48.31,51.03,11.49319178
7/17/2002,T4,R2,7.7,10,46.05,48.61,12.56416524
7/17/2002,T4,R3,7.7,10,48.98,50.33,14.89561342
7/17/2002,T4,R4,7.7,10,46.32,48.32,14.03249631
7/17/2002,T4,R5,7.7,10,47.55,49.62,13.43034351
7/17/2002,T4,R6,7.7,10,49.81,52.48,11.23269317
7/17/2002,T5,R1,7.7,10,45.72,48.3,12.61083744
7/17/2002,T5,R2,7.7,10,46.81,49.65,11.5852205
7/17/2002,T5,R3,7.7,10,45.23,48.87,9.861549672
7/17/2002,T5,R4,7.7,10,45.63,50.25,7.238542891
7/17/2002,T5,R5,7.7,10,45.28,48.1,12.07920792
7/17/2002,T5,R6,7.7,10,46.58,48.23,14.92721441
7/17/2002,T6,R1,7.7,10,,,
7/17/2002,T6,R2,7.7,10,48.28,52.09,8.763234963
7/17/2002,T6,R3,7.7,10,42.42,46.3,9.896373057
7/17/2002,T6,R4,7.7,10,45.97,49.29,10.53137774
7/17/2002,T6,R5,7.7,10,47.36,50.25,11.30434783
7/17/2002,T6,R6,7.7,10,41.47,46.54,6.771369722
7/17/2002,T7,R1,7.7,10,42.54,48.4,4.520884521
7/17/2002,T7,R2,7.7,10,47.07,50.53,9.899603082
7/17/2002,T7,R3,7.7,10,46.12,50.29,8.288330594
7/17/2002,T7,R4,7.7,10,44.8,48.43,9.992634422
7/17/2002,T7,R5,7.7,10,44.68,48.84,8.60476422
7/17/2002,T7,R6,7.7,10,41.23,45.28,9.712613092
7/17/2002,T8,R1,7.7,10,40.77,45.11,8.981555734
7/17/2002,T8,R2,7.7,10,45.47,49.29,9.329165665
7/17/2002,T8,R3,7.7,10,44.52,48.13,10.11625031
7/17/2002,T8,R4,7.7,10,45.36,49.09,9.591688814
7/17/2002,TCF,R1,7.7,10,41.66,44.84,12.17016694
7/17/2002,TCF,R2,7.7,10,47.31,50.31,11.03027458
7/17/2002,TCF,R3,7.7,10,47.52,49.65,13.27771156
7/17/2002,TDF,R1,7.7,10,41.9,43.6,16.71309192
7/17/2002,TDF,R2,7.7,10,41.17,44.03,13.32232315
7/17/2002,TDF,R3,7.7,10,43.83,46.25,13.69649805
7/17/2002,TSF,R1,7.7,10,42.19,47.34,6.432896065
7/17/2002,TSF,R2,7.7,10,41.94,45.11,12.10906175
7/17/2002,TSF,R3,7.7,10,,,
7/24/2002,T1,R1,5.035,10,46.06,47.59,8.236399953
7/24/2002,T1,R2,5.035,10,48.2,49.47,8.473050523
7/24/2002,T1,R3,5.035,10,45.18,45.69,11.13024228
7/24/2002,T1,R4,5.035,10,47.64,50.22,5.433218989
7/24/2002,T1,R5,5.035,10,47.96,49.23,8.519063242
7/24/2002,T1,R6,5.035,10,48.61,52.4,2.628523171
7/24/2002,T2,R1,5.035,10,46.44,48.5,6.844587599
7/24/2002,T2,R2,5.035,10,45.43,46.87,8.593283136
7/24/2002,T2,R3,5.035,10,44.65,45.53,10.26052599
7/24/2002,T2,R4,5.035,10,46.97,48.27,8.638834278
7/24/2002,T21,R5,5.035,10,47.27,49.22,6.982007469
7/24/2002,T2,R6,5.035,10,45.62,48.08,5.982111744
7/24/2002,T3,R1,5.035,10,48.63,50.59,6.750082318
7/24/2002,T3,R2,5.035,10,46.03,48.1,6.884941368
7/24/2002,T3,R3,5.035,10,46.44,49.26,5.008479367
7/24/2002,T3,R4,5.035,10,46.08,48.28,6.555671176
7/24/2002,T3,R5,5.035,10,45.1,47.43,6.380469395,
7/24/2002,T3,R6,5.035,10,46.16,48.14,7.087344856,
7/24/2002,T4,R1,5.035,10,49.62,50.87,8.257881532,
7/24/2002,T4,R2,5.035,10,46.92,48.7,7.454482996,
7/24/2002,T4,R3,5.035,10,45.7,48.51,5.117883841,
7/24/2002,T4,R4,5.035,10,47.62,49.98,5.951718767,
7/24/2002,T4,R5,5.035,10,46.99,49.43,5.845252844,
7/24/2002,T4,R6,5.035,10,45.61,48.57,4.766280005,
7/24/2002,T5,R1,5.035,10,48.95,55.44,-2.886618391,negative #
7/24/2002,T5,R2,5.035,10,49.8,52.01,6.013837147,
7/24/2002,T5,R3,5.035,10,43.08,45.99,5.188621658,
7/24/2002,T5,R4,5.035,10,42.57,45.09,6.278866558,
7/24/2002,T5,R5,5.035,10,45.89,48.03,6.733341086,
7/24/2002,T5,R6,5.035,10,45.01,47.02,7.20495415,
7/24/2002,T6,R1,5.035,10,43.88,47.37,3.64946262,
7/24/2002,T6,R2,5.035,10,41.2,44.75,3.739141382,
7/24/2002,T6,R3,5.035,10,43.4,46.69,4.189172968,
7/24/2002,T6,R4,5.035,10,41.54,45.07,3.759210691,
7/24/2002,T6,R5,5.035,10,42.82,46.05,4.400828965,
7/24/2002,T6,R6,5.035,10,46.21,50.02,2.723129932,
7/24/2002,T7,R1,5.035,10,41.37,45.23,2.92324916,
7/24/2002,T7,R2,5.035,10,41.9,45.1,4.580057407,
7/24/2002,T7,R3,5.035,10,42.56,46.12,3.590118048,
7/24/2002,T7,R4,5.035,10,41.13,44.94,3.069790753,
7/24/2002,T7,R5,5.035,10,43.02,46.7,3.252130085,
7/24/2002,T7,R6,5.035,10,41.65,44.94,4.372885603,
7/24/2002,T8,R1,5.035,10,44.58,47.84,4.146711833,
7/24/2002,T8,R2,5.035,10,41,44.35,4.285895968,
7/24/2002,T8,R3,5.035,10,45,48.33,3.938099088,
7/24/2002,T8,R4,5.035,10,42.76,46.26,3.723468769,
7/24/2002,TCF,R1,5.035,10,42.29,45.34,4.924947277,
7/24/2002,TCF,R2,5.035,10,49.59,56.68,-3.979088005,negative #
7/24/2002,TCF,R3,5.035,10,44.99,47.7,5.449431618
7/24/2002,TDF,R1,5.035,10,49.14,51.18,6.490410662
7/24/2002,TDF,R2,5.035,10,49.06,50.81,7.176406335
7/24/2002,TDF,R3,5.035,10,41.87,44.64,5.718974877
7/24/2002,TSF,R1,5.035,10,47.55,51.33,2.710875905
7/24/2002,TSF,R2,5.035,10,47.48,50.63,4.134225244
7/24/2002,TSF,R3,5.035,10,45.96,49.23,3.993664442
8/21/2002,T1,R1,5.049,10,43,43.64,11.42494364
8/21/2002,T1,R2,5.049,10,44.42,44.12,13.69046096
8/21/2002,T1,R3,5.049,10,43.22,42.06,16.77609359
8/21/2002,T1,R4,5.049,10,44.89,45.22,11.74728038
8/21/2002,T1,R5,5.049,10,46.07,46.28,11.73631491
8/21/2002,T1,R6,5.049,10,44.22,46.23,7.379616814
8/21/2002,T2,R1,5.049,10,43.85,43.33,14.54768684
8/21/2002,T2,R2,5.049,10,46.7,46.33,13.12710448
8/21/2002,T2,R3,5.049,10,45.51,43.71,17.71552728
8/21/2002,T2,R4,5.049,10,43.32,42.02,17.17291932
8/21/2002,T21,R5,5.049,10,43.23,43.26,13.13496114
8/21/2002,T2,R6,5.049,10,41.27,41.6,12.91072748
8/21/2002,T3,R1,5.049,10,42.33,42.87,11.92194812
8/21/2002,T3,R2,5.049,10,49.84,49.67,11.6962865
8/21/2002,T3,R3,5.049,10,41.1,41.41,13.03319491
8/21/2002,T3,R4,5.049,10,41.95,42.32,12.5539964
8/21/2002,T3,R5,5.049,10,46.52,44.89,16.76413745
8/21/2002,T3,R6,5.049,10,44.39,45.34,10.17348788
8/21/2002,T4,R1,5.049,10,44.37,44.33,12.95537283
8/21/2002,T4,R2,5.049,10,44.29,44.45,12.40831451
8/21/2002,T4,R3,5.049,10,41.03,40.09,17.09140721
8/21/2002,T4,R4,5.049,10,47.54,46.48,14.74499771
8/21/2002,T4,R5,5.049,10,49.9,48.42,15.05383782
8/21/2002,T4,R6,5.049,10,44.23,44.86,11.09994725
8/21/2002,T5,R1,5.049,10,42.66,41.29,17.71198366
8/21/2002,T5,R2,5.049,10,47.64,46.41,15.18096758
8/21/2002,T5,R3,5.049,10,47.97,46.76,15.00563401
8/21/2002,T5,R4,5.049,10,45.7,44.45,15.98690389
8/21/2002,T5,R5,5.049,10,46.04,44.12,17.83675872
8/21/2002,T5,R6,5.049,10,45.92,43.76,18.62261373
8/21/2002,T6,R1,5.049,10,45.86,44.98,14.84811299
8/21/2002,T6,R2,5.049,10,46.07,46.56,10.98263111
8/21/2002,T6,R3,5.049,10,49.79,48.84,13.69916193
8/21/2002,T6,R4,5.049,10,46.56,46.41,12.56981214
8/21/2002,T6,R5,5.049,10,44.2,43.18,15.91618368
8/21/2002,T6,R6,5.049,10,45.74,45.68,12.5741429
8/21/2002,T7,R1,5.049,10,47.65,46.85,13.99248822
8/21/2002,T7,R2,5.049,10,46.21,44.79,16.2778994
8/21/2002,T7,R3,5.049,10,44.86,43.55,16.51645412
8/21/2002,T7,R4,5.049,10,46.71,45.44,15.64457429
8/21/2002,T7,R5,5.049,10,48.02,46.11,16.94795548
8/21/2002,T7,R6,5.049,10,47.74,45.64,17.61227858
8/21/2002,T8,R1,5.049,10,45.08,43.07,18.5660556
8/21/2002,T8,R2,5.049,10,47.56,44.6,20.24980405
8/21/2002,T8,R3,5.049,10,47.13,45.1,17.67496442
8/21/2002,T8,R4,5.049,10,43.31,41.53,18.71933335
8/21/2002,TCF,R1,5.049,10,45.06,45.75,10.70981057
8/21/2002,TCF,R2,5.049,10,44.71,44.47,13.41670683
8/21/2002,TCF,R3,5.049,10,47.41,46.34,14.81921
8/21/2002,TDF,R1,5.049,10,44.29,43.6,14.88677337
8/21/2002,TDF,R2,5.049,10,46.87,45.85,14.87463543
8/21/2002,TDF,R3,5.049,10,49.02,47.19,16.3237702
8/21/2002,TSF,R1,5.049,10,43.24,43.85,11.44042679
8/21/2002,TSF,R2,5.049,10,44.54,43.5,15.83573899
8/21/2002,TSF,R3,5.049,10,45.59,45.69,12.17735784
9/4/2002,T1,R1,0,10,49.97,49.33,15.24180715
9/4/2002,T1,R2,0,10,42.38,44,11.43540796
9/4/2002,T1,R3,0,10,42.23,42.81,14.62772455
9/4/2002,T1,R4,0,10,41.65,43.93,9.717868339
9/4/2002,T1,R5,0,10,43.21,45.72,8.701667883
9/4/2002,T1,R6,0,10,42.72,46.33,5.844751121
9/4/2002,T2,R1,0,10,43.34,44.79,11.64060689
9/4/2002,T2,R2,0,10,43.92,45.41,11.35620294
9/4/2002,T2,R3,0,10,42.26,42.24,16.51181385
9/4/2002,T2,R4,0,10,44.74,44.68,15.57438454
9/4/2002,T21,R5,0,10,47.61,48.91,10.87305838
9/4/2002,T2,R6,0,10,40.99,43.1,10.39293313
9/4/2002,T3,R1,0,10,41.86,44.69,8.10671212
9/4/2002,T3,R2,0,10,44.65,46.42,10.38046031
9/4/2002,T3,R3,0,10,43.04,44.72,11.06810147
9/4/2002,T3,R4,0,10,46.17,48.23,9.24966281
9/4/2002,T3,R5,0,10,46.03,46.31,14.10227808
9/4/2002,T3,R6,0,10,47.72,49.6,9.371776948
9/4/2002,T4,R1,0,10,43.92,46.15,9.305393096
9/4/2002,T4,R2,0,10,42.13,44.53,9.255465367
9/4/2002,T4,R3,0,10,42.59,43.58,13.23814841
9/4/2002,T4,R4,0,10,44.48,46.2,10.5615073
9/4/2002,T4,R5,0,10,42.58,43.93,12.16775111
9/4/2002,T4,R6,0,10,40.97,43.93,7.926556202
9/4/2002,T5,R1,0,10,43.01,43.96,13.21102366
9/4/2002,T5,R2,0,10,49.19,50.09,11.48886018
9/4/2002,T5,R3,0,10,42.2,44.74,8.844239251
9/4/2002,T5,R4,0,10,45.43,46.36,12.47555148
9/4/2002,T5,R5,0,10,43.12,44.13,12.99494248
9/4/2002,T5,R6,0,10,42.79,43.04,15.4271533
9/4/2002,T6,R1,0,10,44.84,46.63,10.27766164
9/4/2002,T6,R2,0,10,48.09,49.94,9.367537695
9/4/2002,T6,R3,0,10,43.65,45.33,10.89657275
9/4/2002,T6,R4,0,10,46.24,47.76,10.64583283
9/4/2002,T6,R5,0,10,45.28,46.43,11.91023455
9/4/2002,T6,R6,0,10,46.69,48.82,8.958950783
9/4/2002,T7,R1,0,10,43.19,45.38,9.588693512
9/4/2002,T7,R2,0,10,47.35,48.08,12.44092992
9/4/2002,T7,R3,0,10,43.36,44.84,11.54845515
9/4/2002,T7,R4,0,10,45.34,46.26,12.53133454
9/4/2002,T7,R5,0,10,42.67,43.97,12.28651878
9/4/2002,T7,R6,0,10,44.02,45.35,11.77979229
9/4/2002,T8,R1,0,10,48.9,48.69,14.46361274
9/4/2002,T8,R2,0,10,42.76,43.08,15.22190186
9/4/2002,T8,R3,0,10,46.85,47.15,13.76605716
9/4/2002,T8,R4,0,10,44.43,44.59,15.04103985
9/4/2002,TCF,R1,0,10,42.9,45.24,9.240915688
9/4/2002,TCF,R2,0,10,47.94,48.84,11.82384362
9/4/2002,TCF,R3,0,10,45.78,46.43,13.14599244
9/4/2002,TDF,R1,0,10,43.99,45.64,10.88704595
9/4/2002,TDF,R2,0,10,43.04,44.59,11.44196163
9/4/2002,TDF,R3,0,10,44.8,47.42,8.079419073
9/4/2002,TSF,R1,0,10,45.21,47.78,8.129439621
9/4/2002,TSF,R2,0,10,48.66,49.2,12.55811802
9/4/2002,TSF,R3,0,10,46.78,48.7,9.475556388
9/18/2002,T1,R1,8.559,6,45.3,50.04,9.20662472
9/18/2002,T1,R2,8.559,6,43.22,48.24,8.918626043
9/18/2002,T1,R3,8.559,6,45.34,48.66,13.06451211
9/18/2002,T1,R4,8.559,6,46.35,51.94,6.84401005
9/18/2002,T1,R5,8.559,6,42.88,48.07,8.526739389
9/18/2002,T1,R6,8.559,6,44.56,51.23,4.426894144
9/18/2002,T2,R1,8.559,6,46.47,50.63,10.45613368
9/18/2002,T2,R2,8.559,6,45.06,49.4,10.33030533
9/18/2002,T2,R3,8.559,6,44.45,47.28,14.79558896
9/18/2002,T2,R4,8.559,6,48.93,51.83,13.07804303
9/18/2002,T21,R5,8.559,6,48.03,51.96,10.66565287
9/18/2002,T2,R6,8.559,6,49.74,54.03,9.388401399
9/18/2002,T3,R1,8.559,6,45.59,51,7.419712071
9/18/2002,T3,R2,8.559,6,49.55,55.61,5.311257997
9/18/2002,T3,R3,8.559,6,46.22,51.38,7.937694122
9/18/2002,T3,R4,8.559,6,42.41,48.38,6.501594636
9/18/2002,T3,R5,8.559,6,45.42,50.66,7.883423197
9/18/2002,T3,R6,8.559,6,45.65,50.81,8.044780005
9/18/2002,T4,R1,8.559,6,48.01,53.31,7.282518826
9/18/2002,T4,R2,8.559,6,43.54,49.83,5.497807177
9/18/2002,T4,R3,8.559,6,43.6,48.28,9.765615166
9/18/2002,T4,R4,8.559,6,45.08,51.18,5.769456371
9/18/2002,T4,R5,8.559,6,48.21,53.56,7.130952645
9/18/2002,T4,R6,8.559,6,46.8,52.92,5.498072631
9/18/2002,T5,R1,8.559,6,43.95,48.8,9.216967769
9/18/2002,T5,R2,8.559,6,47.27,52.18,8.365236927
9/18/2002,T5,R3,8.559,6,49.34,54.04,8.48486181
9/18/2002,T5,R4,8.559,6,45.85,51.03,7.956017047
9/18/2002,T5,R5,8.559,6,43.62,48.28,9.815966365
9/18/2002,T5,R6,8.559,6,46.95,50.98,10.67631598
9/18/2002,T6,R1,8.559,6,45.79,50.86,8.248031961
9/18/2002,T6,R2,8.559,6,46.04,52.1,5.73941802
9/18/2002,T6,R3,8.559,6,45.25,51.16,6.218163893
9/18/2002,T6,R4,8.559,6,43.3,48.83,7.521541556
9/18/2002,T6,R5,8.559,6,48.02,53.81,6.119201786
9/18/2002,T6,R6,8.559,6,47,52.87,6.068470583
9/18/2002,T7,R1,8.559,6,43.04,49.25,5.772775307
9/18/2002,T7,R2,8.559,6,47.91,52.66,8.636992358
9/18/2002,T7,R3,8.559,6,48.47,54.04,6.57197511
9/18/2002,T7,R4,8.559,6,42.33,48.01,7.297660389
9/18/2002,T7,R5,8.559,6,43.67,49.62,6.35396118
9/18/2002,T7,R6,8.559,6,46.25,51.01,8.949141363
9/18/2002,T8,R1,8.559,6,47.07,52.6,6.87768216
9/18/2002,T8,R2,8.559,6,46.54,51.09,9.426065693
9/18/2002,T8,R3,8.559,6,43.79,49.36,7.325800838
9/18/2002,T8,R4,8.559,6,47.37,52.36,8.148215794
9/18/2002,TCF,R1,8.559,10,43.51,49.05,7.455977872
9/18/2002,TCF,R2,8.559,10,45.99,50.71,9.107731726
9/18/2002,TCF,R3,8.559,10,46.25,50.96,9.077616094
9/18/2002,TDF,R1,8.559,10,44.25,49.81,7.270126785
9/18/2002,TDF,R2,8.559,10,46.89,51.49,9.221774475
9/18/2002,TDF,R3,8.559,10,46.76,52.18,7.196075285
9/18/2002,TSF,R1,8.559,10,46.18,52.74,4.524569385
9/18/2002,TSF,R2,8.559,10,44.47,50.39,6.308718415
9/18/2002,TSF,R3,8.559,10,46.13,51.41,7.652096801
10/9/2002,T1,R1,3.998,10,46.64,45.58,12.16391708
10/9/2002,T1,R2,3.998,10,41.9,40.67,14.2561082
10/9/2002,T1,R3,3.998,10,44.05,41.25,18.24868463
10/9/2002,T1,R4,3.998,10,42.03,41.23,12.88676407
10/9/2002,T1,R5,3.998,10,43.17,42.34,12.59193574,
10/9/2002,T1,R6,3.998,10,40.49,46.64,-5.046667605,negative #
10/9/2002,T2,R1,3.998,10,48.07,46.04,14.33804291,
10/9/2002,T2,R2,3.998,10,44.83,43.61,13.17277593,
10/9/2002,T2,R3,3.998,10,41.28,38.97,18.03728697,
10/9/2002,T2,R4,3.998,10,45.16,42.71,16.65633395,
10/9/2002,T21,R5,3.998,10,45.5,44.05,13.60231699,
10/9/2002,T2,R6,3.998,10,43.13,42.18,12.95898591,
10/9/2002,T3,R1,3.998,10,44.68,43.98,11.75028763,
10/9/2002,T3,R2,3.998,10,46.56,45.84,11.27575164,
10/9/2002,T3,R3,3.998,10,43.6,42.67,12.74306992,
10/9/2002,T3,R4,3.998,10,46.45,44.72,14.06610677,
10/9/2002,T3,R5,3.998,10,46.33,44.1,15.53039749,
10/9/2002,T3,R6,3.998,10,44.06,43.35,11.96381378,
10/9/2002,T4,R1,3.998,10,48.04,46.19,13.86044748,
10/9/2002,T4,R2,3.998,10,46.59,44.75,14.32567727,
10/9/2002,T4,R3,3.998,10,42.83,40.81,16.34793002
10/9/2002,T4,R4,3.998,10,49.14,47.02,14.2206313
10/9/2002,T4,R5,3.998,10,46.72,44.78,14.56034525
10/9/2002,T4,R6,3.998,10,48.68,47.67,11.4673017
10/9/2002,T5,R1,3.998,10,44.79,43.23,14.16700653
10/9/2002,T5,R2,3.998,10,43.14,41.53,14.94191623
10/9/2002,T5,R3,3.998,10,48.93,46.77,14.39726924
10/9/2002,T5,R4,3.998,10,43.98,42.18,15.18516578
10/9/2002,T5,R5,3.998,10,43.25,40.8,17.52078691
10/9/2002,T5,R6,3.998,10,46.46,43.66,17.13983158
10/9/2002,T6,R1,3.998,10,42.47,42.07,11.5517966
10/9/2002,T6,R2,3.998,10,43.75,43.83,9.836312513
10/9/2002,T6,R3,3.998,10,44.27,43.88,11.00245725
10/9/2002,T6,R4,3.998,10,42.34,41.56,12.72030243
10/9/2002,T6,R5,3.998,10,42.12,41.47,12.40392827
10/9/2002,T6,R6,3.998,10,42.48,42.98,8.973372326
10/9/2002,T7,R1,3.998,10,43.44,42.95,11.52187307,
10/9/2002,T7,R2,3.998,10,44.17,42.75,13.98121387,
10/9/2002,T7,R3,3.998,10,45.61,44.77,11.86598646,
10/9/2002,T7,R4,3.998,10,46.75,45.63,12.29342813,
10/9/2002,T7,R5,3.998,10,42.25,41.44,12.84119438,
10/9/2002,T7,R6,3.998,10,43.02,41.85,13.65317553,
10/9/2002,T8,R1,3.998,10,44.34,43.21,13.0776293,
10/9/2002,T8,R2,3.998,10,43.43,42.14,13.86398196,
10/9/2002,T8,R3,3.998,10,42.82,42.04,12.55980232,
10/9/2002,T8,R4,3.998,10,44.67,43.46,13.19750646,
10/9/2002,TCF,R1,3.998,10,43.6,43.94,9.158279505,
10/9/2002,TCF,R2,3.998,10,44,43.82,10.49168801,
10/9/2002,TCF,R3,3.998,10,44.08,43.94,10.36002203,
10/9/2002,TDF,R1,3.998,10,44.46,44.39,10.07130125,
10/9/2002,TDF,R2,3.998,10,43.15,47.76,-1.398473562,negative #
10/9/2002,TDF,R3,3.998,10,44.38,45.21,7.687081433,
10/9/2002,TSF,R1,3.998,10,47.46,47.7,8.59914878,
10/9/2002,TSF,R2,3.998,10,44.85,49.55,-1.54109589,negative #
10/9/2002,TSF,R3,3.998,10,43,48.66,-3.721284313,negative #
11/13/2002,T1,R1,6.397,10,46.1,46.66,14.49718103,
11/13/2002,T1,R2,6.397,10,41.86,42.06,17.37655273,
11/13/2002,T1,R3,6.397,10,45.19,43.96,20.30455501,
11/13/2002,T1,R4,6.397,10,47.5,47.28,16.18521146,
11/13/2002,T1,R5,6.397,10,46.59,46.62,15.82925192,
11/13/2002,T1,R6,6.397,10,45.78,47.42,11.59593399,
11/13/2002,T2,R1,6.397,10,48.03,47.28,17.48159382,
11/13/2002,T2,R2,6.397,10,45.11,45.4,15.65776992,
11/13/2002,T2,R3,6.397,10,41.85,41.15,20.4212586,
11/13/2002,T2,R4,6.397,10,46.96,45.63,19.69515459,
11/13/2002,T21,R5,6.397,10,44.58,44.81,16.05446073,
11/13/2002,T2,R6,6.397,10,47.92,47.82,15.68452309,
11/13/2002,T3,R1,6.397,10,46.39,46.89,14.56301089,
11/13/2002,T3,R2,6.397,10,47.79,47.96,14.9820754
11/13/2002,T3,R3,6.397,10,45.88,46.23,15.18088017
11/13/2002,T3,R4,6.397,10,46.9,46.46,17.06562165
11/13/2002,T3,R5,6.397,10,48.4,47.14,18.79341237
11/13/2002,T3,R6,6.397,10,43.27,43.84,15.5623214
11/13/2002,T4,R1,6.397,10,42.74,42.69,17.7637561
11/13/2002,T4,R2,6.397,10,44.13,43.98,17.42011016
11/13/2002,T4,R3,6.397,10,47.42,46.21,19.1068244
11/13/2002,T4,R4,6.397,10,46.99,46.13,18.26441497
11/13/2002,T4,R5,6.397,10,42.57,42.51,17.87998782
11/13/2002,T4,R6,6.397,10,43.84,44.54,14.93589912
11/13/2002,T5,R1,6.397,10,47.11,45.94,19.13613029
11/13/2002,T5,R2,6.397,10,45.33,45.5,15.92460937
11/13/2002,T5,R3,6.397,10,42.67,43.62,14.63342557
11/13/2002,T5,R4,6.397,10,49.05,48.05,17.75862483
11/13/2002,T5,R5,6.397,10,47.06,45.94,19.00968566
11/13/2002,T5,R6,6.397,10,46.04,44.46,20.95736017
11/13/2002,T6,R1,6.397,10,42.45,43,15.97410048
11/13/2002,T6,R2,6.397,10,42.53,43.58,14.38022752
11/13/2002,T6,R3,6.397,10,43.75,44.31,15.39577454
11/13/2002,T6,R4,6.397,10,45.38,45.92,14.81921919
11/13/2002,T6,R5,6.397,10,43.13,43.71,15.58974084
11/13/2002,T6,R6,6.397,10,44.93,45.88,13.79581086
11/13/2002,T7,R1,6.397,10,46.39,46.37,16.053336
11/13/2002,T7,R2,6.397,10,48.07,46.91,18.65327179
11/13/2002,T7,R3,6.397,10,42.61,42.7,17.37321984
11/13/2002,T7,R4,6.397,10,45.61,45.38,16.99971783
11/13/2002,T7,R5,6.397,10,48.39,47.93,16.50976332
11/13/2002,T7,R6,6.397,10,44.59,43.94,18.77047652
11/13/2002,T8,R1,6.397,10,44.04,43.33,19.24295346
11/13/2002,T8,R2,6.397,10,44.86,43.49,20.93926078
11/13/2002,T8,R3,6.397,10,44.39,43.53,19.5432634
11/13/2002,T8,R4,6.397,10,43.24,42.68,19.17426894
11/13/2002,TCF,R1,6.397,10,44.71,46.19,12.3564446
11/13/2002,TCF,R2,6.397,10,42.65,44.2,12.82173372
11/13/2002,TCF,R3,6.397,10,43.03,44.58,12.6941309
11/13/2002,TDF,R1,6.397,10,43.6,44.25,15.18241619
11/13/2002,TDF,R2,6.397,10,45.87,45.74,16.5899906
11/13/2002,TDF,R3,6.397,10,43.13,44.17,14.18208773
11/13/2002,TSF,R1,6.397,10,45.19,46.39,12.99477409
11/13/2002,TSF,R2,6.397,10,44.19,44.48,16.03602657
11/13/2002,TSF,R3,6.397,10,45.08,46.37,12.77612388