03/25/03,T1,R1,7.113,10,43.72,44.74,16.19315917
03/25/03,T1,R2,7.113,10,46.04,45.96,18.51623034
03/25/03,T1,R3,7.113,10,43.46,42.58,22.53644233
03/25/03,T1,R4,7.113,10,42.65,43.32,17.79490154
03/25/03,T1,R5,7.113,10,44.12,44.73,17.28739666
03/25/03,T1,R6,7.113,10,43.12,45.36,12.74086856
03/25/03,T2,R1,7.113,10,43.95,44.33,18.09119488
03/25/03,T2,R2,7.113,10,43.24,44.22,16.52787884
03/25/03,T2,R3,7.113,10,45.88,43.86,24.85372956
03/25/03,T2,R4,7.113,10,44.32,43.73,21.03667695
03/25/03,T21,R5,7.113,10,43.39,44.3,16.68056041
03/25/03,T2,R6,7.113,10,43.35,44.32,16.51033408
03/25/03,T3,R1,7.113,10,43.66,44.76,15.97205621
03/25/03,T3,R2,7.113,10,48.76,48.8,16.96692014
03/25/03,T3,R3,7.113,10,45.85,45.97,17.99675734
03/25/03,T3,R4,7.113,10,45.27,45.09,19.20372857
03/25/03,T3,R5,7.113,10,43.95,43.24,21.65416448
03/25/03,T3,R6,7.113,10,43.68,44.67,16.30321911
03/25/03,T4,R1,7.113,10,44.72,44.75,18.81924702
03/25/03,T4,R2,7.113,10,45.04,44.99,18.91121261
03/25/03,T4,R3,7.113,10,45.47,44.65,21.13381464
03/25/03,T4,R4,7.113,10,44.75,44.4,20.01501864
03/25/03,T4,R5,7.113,10,42.36,42.32,20.31698242
03/25/03,T4,R6,7.113,10,44.72,45.54,16.3765061
03/25/03,T5,R1,7.113,10,44.25,44.34,18.86533967
03/25/03,T5,R2,7.113,10,44.47,45.28,16.51426625
03/25/03,T5,R3,7.113,10,44.77,45.76,15.84340311
03/25/03,T5,R4,7.113,10,41.55,42.24,18.28507985
03/25/03,T5,R5,7.113,10,43.1,43.01,20.06574366
03/25/03,T5,R6,7.113,10,43.46,42.65,22.29507274
03/25/03,T6,R1,7.113,10,44.34,44.41,18.88355632
03/25/03,T6,R2,7.113,10,42.95,43.8,17.0714422
03/25/03,T6,R3,7.113,10,43.02,43.31,18.84962842
03/25/03,T6,R4,7.113,10,46.28,45.89,19.34909869
03/25/03,T6,R5,7.113,10,44.84,44.55,19.77455459
03/25/03,T6,R6,7.113,10,45.78,46.34,16.70533051
03/25/03,T7,R1,7.113,10,42.59,43.04,18.54594038
03/25/03,T7,R2,7.113,10,45.48,44.49,21.67910747
03/25/03,T7,R3,7.113,10,43.45,43.04,20.93968325
03/25/03,T7,R4,7.113,10,42.28,41.73,22.13652252
03/25/03,T7,R5,7.113,10,41.47,41.48,20.66808275
03/25/03,T7,R6,7.113,10,46.27,45.57,20.31619731
03/25/03,T8,R1,7.113,10,45.31,43.1,25.90657738
03/25/03,T8,R2,7.113,10,46.85,44.25,26.15450898
03/25/03,T8,R3,7.113,10,43.38,43.02,20.81209792
03/25/03,T8,R4,7.113,10,42.68,41.54,23.97246347
03/25/03,TCF,R1,7.113,10,42.32,42.22,20.5457601
03/25/03,TCF,R2,7.113,10,43.44,41.55,26.14339228
03/25/03,TCF,R3,7.113,10,44.01,42.33,24.9680552
03/25/03,TDF,R1,7.113,10,48.25,46.63,22.09934965
03/25/03,TDF,R2,7.113,10,44.07,43.8,20.12429471
03/25/03,TDF,R3,7.113,10,42.8,42.74,20.13360653
03/25/03,TSF,R1,7.113,10,46.08,47.02,15.46846418
03/25/03,TSF,R2,7.113,10,43.7,43.92,18.72741598
03/25/03,TSF,R3,7.113,10,48.67,49.57,14.63362932
04/08/03,T1,R1,7.095,10,48.03,48.26,-0.476585164
04/08/03,T1,R2,7.095,10,45.97,45.28,1.52385159
04/08/03,T1,R3,7.095,10,42.4,41.71,1.654279549
04/08/03,T1,R4,7.095,10,43.93,44.23,-0.678272666
04/08/03,T1,R5,7.095,10,42.98,43.63,-1.489800596
04/08/03,T1,R6,7.095,10,42.27,44.26,-4.49615906
04/08/03,T2,R1,7.095,10,43.09,43.41,-0.737157337
04/08/03,T2,R2,7.095,10,42.73,43.34,-1.407475773
04/08/03,T2,R3,7.095,10,43.68,42.44,2.921771913
04/08/03,T2,R4,7.095,10,44.39,43.77,1.416495316
04/08/03,T21,R5,7.095,10,42.24,43.16,-2.131603336
04/08/03,T2,R6,7.095,10,41.87,42.35,-1.133412043
04/08/03,T3,R1,7.095,10,45,45.95,-2.067464635
04/08/03,T3,R2,7.095,10,44.34,44.67,-0.738750839
04/08/03,T3,R3,7.095,10,48.24,47.86,0.793982449
04/08/03,T3,R4,7.095,10,43.53,43.72,-0.434583715
04/08/03,T3,R5,7.095,10,42.15,41.85,0.716845878
04/08/03,T3,R6,7.095,10,43.35,44.4,-2.364864865
04/08/03,T4,R1,7.095,10,42.16,42.59,-1.009626673
04/08/03,T4,R2,7.095,10,44.02,43.71,0.709219858
04/08/03,T4,R3,7.095,10,43.19,42.81,0.887643074
04/08/03,T4,R4,7.095,10,43.68,43.55,0.298507463
04/08/03,T4,R5,7.095,10,48.35,48.21,0.290396183
04/08/03,T4,R6,7.095,10,48.53,48.31,0.455392258
04/08/03,T5,R1,7.095,10,46.53,45.98,1.196172249
04/08/03,T5,R2,7.095,10,43.49,43.94,-1.024123805
04/08/03,T5,R3,7.095,10,42.3,42.69,-0.913562895
04/08/03,T5,R4,7.095,10,41.4,42.08,-1.615969582
04/08/03,T5,R5,7.095,10,43.54,43.44,0.230202578
04/08/03,T5,R6,7.095,10,44.17,42.82,3.152732368
04/08/03,T6,R1,7.095,10,42.4,42.44,-0.094250707
04/08/03,T6,R2,7.095,10,42.04,42.67,-1.476447153
04/08/03,T6,R3,7.095,10,42.82,42.95,-0.302677532
04/08/03,T6,R4,7.095,10,43.27,43.71,-1.006634637
04/08/03,T6,R5,7.095,10,44.54,44.13,0.929073193
04/08/03,T6,R6,7.095,10,42.52,43.61,-2.499426737
04/08/03,T7,R1,7.095,10,42.07,42.98,-2.117263844
04/08/03,T7,R2,7.095,10,42.3,41.98,0.762267747
04/08/03,T7,R3,7.095,10,42.9,42.23,1.586549846
04/08/03,T7,R4,7.095,10,43.94,43.87,0.159562343
04/08/03,T7,R5,7.095,10,42.32,42.16,0.379506641
04/08/03,T7,R6,7.095,10,43.08,42.9,0.41958042
04/08/03,T8,R1,7.095,10,48.12,45.58,5.57261957
04/08/03,T8,R2,7.095,10,45.38,43.45,4.441887227
04/08/03,T8,R3,7.095,10,45.02,42.41,6.154208913
04/08/03,T8,R4,7.095,10,44.84,43.18,3.844372395
04/08/03,TCF,R1,7.095,10,44.17,45.04,-1.931616341
04/08/03,TCF,R2,7.095,10,41.9,42.61,-1.666275522
04/08/03,TCF,R3,7.095,10,43.96,43.37,1.360387365
04/08/03,TDF,R1,7.095,10,48.2,46.89,2.793772659
04/08/03,TDF,R2,7.095,10,46.76,46.29,1.015338086
04/08/03,TDF,R3,7.095,10,49.13,48.17,1.992941665
04/08/03,TSF,R1,7.095,10,46.65,47.46,-1.706700379
04/08/03,TSF,R2,7.095,10,44.2,44.16,0.09057971
04/08/03,TSF,R3,7.095,10,44.14,45.46,-2.903651562
04/22/03,T1,R1,7.171,10,42.31,44.8,12.4398735
04/22/03,T1,R2,7.171,10,45.11,46.35,15.1382118
04/22/03,T1,R3,7.171,10,42.91,43.44,18.31040282
04/22/03,T1,R4,7.171,10,43.11,43.87,17.46914085
04/22/03,T1,R5,7.171,10,44.35,46.29,13.37201871
04/22/03,T1,R6,7.171,10,44.98,48.33,9.283510289
04/22/03,T2,R1,7.171,10,43.98,45.39,15.07365447
04/22/03,T2,R2,7.171,10,45.57,47.24,13.72881779
04/22/03,T2,R3,7.171,10,47.3,47.11,18.43060668
04/22/03,T2,R4,7.171,10,46.31,45.93,19.48192678
04/22/03,T21,R5,7.171,10,47.83,49.09,14.10100432
04/22/03,T2,R6,7.171,10,47.87,49.21,13.87045363
04/22/03,T3,R1,7.171,10,45.31,47.33,12.8265146
04/22/03,T3,R2,7.171,10,45.66,47.34,13.66974533
04/22/03,T3,R3,7.171,10,44.84,46.61,13.69456629
04/22/03,T3,R4,7.171,10,46.68,47.79,14.92158842
04/22/03,T3,R5,7.171,10,46,46.21,17.83088706
04/22/03,T3,R6,7.171,10,44.19,46.35,12.79001506
04/22/03,T4,R1,7.171,10,44.71,45.89,15.47302358
04/22/03,T4,R2,7.171,10,46.75,47.46,16.03663531
04/22/03,T4,R3,7.171,10,45.97,46.27,17.57333947
04/22/03,T4,R4,7.171,10,43.93,44.89,16.46650229
04/22/03,T4,R5,7.171,10,44.04,45.04,16.2956508
04/22/03,T4,R6,7.171,10,43.72,46.14,12.19174215
04/22/03,T5,R1,7.171,10,43.8,44.48,17.39794688
04/22/03,T5,R2,7.171,10,45.42,46.22,16.3153986
04/22/03,T5,R3,7.171,10,45.73,46.86,15.22084205
04/22/03,T5,R4,7.171,10,42.72,43.73,16.85221149
04/22/03,T5,R5,7.171,10,44.31,44.75,17.91159956
04/22/03,T5,R6,7.171,10,44.45,44.32,19.65328811
04/22/03,T6,R1,7.171,10,48.16,49.33,14.23420859
04/22/03,T6,R2,7.171,10,49.2,50.47,13.62849027
04/22/03,T6,R3,7.171,10,46.83,48.17,14.2222981
04/22/03,T6,R4,7.171,10,48.04,48.99,14.8760133
04/22/03,T6,R5,7.171,10,48.76,49.37,15.5477618
04/22/03,T6,R6,7.171,10,46.26,48.29,12.50273596
04/22/03,T7,R1,7.171,10,46.49,48.07,13.67026089
04/22/03,T7,R2,7.171,10,45.62,45.94,17.67133535
04/22/03,T7,R3,7.171,10,46.34,46.55,17.67693441
04/22/03,T7,R4,7.171,10,49.4,49.57,16.51218189
04/22/03,T7,R5,7.171,10,45.45,45.73,17.87131409
04/22/03,T7,R6,7.171,10,44.93,45.4,17.52857778
04/22/03,T8,R1,7.171,10,44.62,43.93,21.38523899
04/22/03,T8,R2,7.171,10,43.7,43.23,21.1902715
04/22/03,T8,R3,7.171,10,45.86,44.77,21.97132902
04/22/03,T8,R4,7.171,10,43.56,43.15,21.07062453
04/22/03,TCF,R1,7.171,10,44.03,45.91,13.65807068
04/22/03,TCF,R2,7.171,10,43.9,45.1,15.74257165
04/22/03,TCF,R3,7.171,10,47.11,47.35,17.25030489
04/22/03,TDF,R1,7.171,10,44.29,44.6,18.33070614
04/22/03,TDF,R2,7.171,10,44.94,45.62,16.88210357
04/22/03,TDF,R3,7.171,10,44.8,44.83,18.96226666
04/22/03,TSF,R1,7.171,10,45.51,47.42,13.0711322
04/22/03,TSF,R2,7.171,10,44.15,44.85,17.17402267
04/22/03,TSF,R3,7.171,10,47.47,49.2,12.94582312
05/07/03,T1,R1,4.12,10,46.72,44.46,5.083220873
05/07/03,T1,R2,4.12,10,44.94,42.34,6.140765234
05/07/03,T1,R3,4.12,10,43.26,40.21,7.585177816
05/07/03,T1,R4,4.12,10,44.39,41.92,5.892175573
05/07/03,T1,R5,4.12,10,43.18,41.12,5.009727626
05/07/03,T1,R6,4.12,10,44.19,43.41,1.796821009
05/07/03,T2,R1,4.12,10,44.21,38.03,16.25032869
05/07/03,T2,R2,4.12,10,49.21,45.6,7.916666667
05/07/03,T2,R3,4.12,10,49.06,44.58,10.04934948
05/07/03,T2,R4,4.12,10,45.23,41.53,8.909222249
05/07/03,T21,R5,4.12,10,47.32,44.63,6.027335873
05/07/03,T2,R6,4.12,10,44.47,42.15,5.504151839
05/07/03,T3,R1,4.12,10,44.27,42.43,4.336554325
05/07/03,T3,R2,4.12,10,49.28,46.65,5.63772776
05/07/03,T3,R3,4.12,10,47.82,45.26,5.656208573
05/07/03,T3,R4,4.12,10,49.95,45.8,9.061135371
05/07/03,T3,R5,4.12,10,47.65,43.52,9.489889706
05/07/03,T3,R6,4.12,10,48.57,45.55,6.630076839
05/07/03,T4,R1,4.12,10,43.63,40.95,6.544566545
05/07/03,T4,R2,4.12,10,44.4,41.4,7.246376812
05/07/03,T4,R3,4.12,10,45.54,42.31,7.634129048
05/07/03,T4,R4,4.12,10,44.93,41.67,7.82337413
05/07/03,T4,R5,4.12,10,44.3,41.31,7.237956911
05/07/03,T4,R6,4.12,10,41.97,40.36,3.989098117
05/07/03,T5,R1,4.12,10,41.46,38.66,7.242628039
05/07/03,T5,R2,4.12,10,45.55,42.17,8.015176666
05/07/03,T5,R3,4.12,10,42.4,41.02,3.364212579
05/07/03,T5,R4,4.12,10,41.04,39.01,5.203793899
05/07/03,T5,R5,4.12,10,46.37,43.22,7.288292457
05/07/03,T5,R6,4.12,10,45.32,37.71,20.18032352
05/07/03,T6,R1,4.12,10,45.72,42.56,7.42481203
05/07/03,T6,R2,4.12,10,43.39,40.96,5.932617188
05/07/03,T6,R3,4.12,10,42.7,39.97,6.830122592
05/07/03,T6,R4,4.12,10,44.36,41.51,6.865815466
05/07/03,T6,R5,4.12,10,43.59,40.51,7.603060973
05/07/03,T6,R6,4.12,10,42.86,40.99,4.562088314
05/07/03,T7,R1,4.12,10,47.21,44.69,5.638845379
05/07/03,T7,R2,4.12,10,41.46,38.82,6.800618238
05/07/03,T7,R3,4.12,10,42.94,39.89,7.646026573
05/07/03,T7,R4,4.12,10,43.46,40.83,6.44134215
05/07/03,T7,R5,4.12,10,44.73,41.59,7.549891801
05/07/03,T7,R6,4.12,10,41.73,38.86,7.385486361
05/07/03,T8,R1,4.12,10,46.12,41.39,11.42788113
05/07/03,T8,R2,4.12,10,47.61,41.99,13.38413908
05/07/03,T8,R3,4.12,10,43.74,39.19,11.61010462
05/07/03,T8,R4,4.12,10,46.09,41.4,11.32850242
05/07/03,TCF,R1,4.12,10,46.64,43.04,8.364312268
05/07/03,TCF,R2,4.12,10,44.17,41.56,6.280076997
05/07/03,TCF,R3,4.12,10,44.07,41.07,7.304601899
05/07/03,TDF,R1,4.12,10,44.25,40.45,9.394313968
05/07/03,TDF,R2,4.12,10,43.2,39.96,8.108108108
05/07/03,TDF,R3,4.12,10,43.26,40.92,5.718475073
05/07/03,TSF,R1,4.12,10,41.91,40.4,3.737623762
05/07/03,TSF,R2,4.12,10,48.84,45.2,8.053097345
05/07/03,TSF,R3,4.12,10,43.84,42.08,4.182509506
05/21/03,T1,R1,7.165,10,40.28,42.74,13.22557976
05/21/03,T1,R2,7.165,10,42.9,44.82,13.92909308
05/21/03,T1,R3,7.165,10,41.19,41.51,19.93012083
05/21/03,T1,R4,7.165,10,42.33,43.41,16.78852255
05/21/03,T1,R5,7.165,10,42.95,44.35,15.50356326
05/21/03,T1,R6,7.165,10,46.26,48.55,11.7796303
05/21/03,T2,R1,7.165,10,44.85,45.48,17.0559833
05/21/03,T2,R2,7.165,10,46.72,47.74,15.14479359
05/21/03,T2,R3,7.165,10,47.47,46.58,20.43638209
05/21/03,T2,R4,7.165,10,40.91,41.43,19.39296658
05/21/03,T21,R5,7.165,10,42.46,43.9,15.58459235
05/21/03,T2,R6,7.165,10,44.34,45.58,15.42366263
05/21/03,T3,R1,7.165,10,43.67,45.19,14.84549638
05/21/03,T3,R2,7.165,10,41.33,43.31,14.34499931
05/21/03,T3,R3,7.165,10,43.05,44.92,14.0246325
05/21/03,T3,R4,7.165,10,46.29,46.09,18.92100193
05/21/03,T3,R5,7.165,10,42.38,43.7,15.99835774
05/21/03,T3,R6,7.165,10,44.23,48.32,7.471753128
05/21/03,T4,R1,7.165,10,48.31,45.18,27.08141523
05/21/03,T4,R2,7.165,10,45.46,45.7,17.97067601
05/21/03,T4,R3,7.165,10,41.94,42.25,19.53826422
05/21/03,T4,R4,7.165,10,42.08,42.56,18.88684842
05/21/03,T4,R5,7.165,10,47.95,47.8,18.00172265
05/21/03,T4,R6,7.165,10,48.56,49.72,14.11115028
05/21/03,T5,R1,7.165,10,46.51,46.4,18.54211801
05/21/03,T5,R2,7.165,10,45.18,45.93,16.54843286
05/21/03,T5,R3,7.165,10,48.64,49.53,14.81175499
05/21/03,T5,R4,7.165,10,45.64,46.14,17.10070558
05/21/03,T5,R5,7.165,10,44.95,45.16,18.30504014
05/21/03,T5,R6,7.165,10,42.38,42.08,21.38049549
05/21/03,T6,R1,7.165,10,43.51,43.91,18.41066812
05/21/03,T6,R2,7.165,10,49.4,49.6,16.41333805
05/21/03,T6,R3,7.165,10,43.48,44.07,17.81601409
05/21/03,T6,R4,7.165,10,41.25,42.04,18.27956989
05/21/03,T6,R5,7.165,10,41.85,42.68,17.83753344
05/21/03,T6,R6,7.165,10,45.65,46.88,14.94397583
05/21/03,T7,R1,7.165,10,41.38,43.12,15.08830483
05/21/03,T7,R2,7.165,10,42.8,43.32,18.37920066
05/21/03,T7,R3,7.165,10,44.38,44.3,19.50989632
05/21/03,T7,R4,7.165,10,45.15,45.75,17.01438383
05/21/03,T7,R5,7.165,10,43.23,43.73,18.22781348
05/21/03,T7,R6,7.165,10,44.41,44.28,19.65512596
05/21/03,T8,R1,7.165,10,46.43,44.91,23.00967015
05/21/03,T8,R2,7.165,10,41.42,40.89,22.81690141
05/21/03,T8,R3,7.165,10,43.06,41.96,23.75341285
05/21/03,T8,R4,7.165,10,43.24,42.69,21.71710063
05/21/03,TCF,R1,7.165,10,44.29,45.1,16.75233953
05/21/03,TCF,R2,7.165,10,45.41,45.81,17.50549877
05/21/03,TCF,R3,7.165,10,43.55,44.01,18.19785588
05/21/03,TDF,R1,7.165,10,45.05,44.39,21.02081934
05/21/03,TDF,R2,7.165,10,45.87,45.23,20.50440037
05/21/03,TDF,R3,7.165,10,43.08,44.01,16.92224182
05/21/03,TSF,R1,7.165,10,49.59,50.35,14.83153873
05/21/03,TSF,R2,7.165,10,43,43.4,18.6697944
05/21/03,TSF,R3,7.165,10,44.37,45.92,14.4884531
06/04/03,T1,R1,0,10,45.19,46.74,11.98394211
06/04/03,T1,R2,0,10,42.33,43.43,14.26951733
06/04/03,T1,R3,0,10,42.77,42.91,17.10108422
06/04/03,T1,R4,0,10,48.02,48.89,12.97760211
06/04/03,T1,R5,0,10,42.81,44.34,12.79443537
06/04/03,T1,R6,0,10,43.96,46.61,9.287987271
06/04/03,T2,R1,0,10,46.28,46.89,14.26031997
06/04/03,T2,R2,0,10,42.87,44.13,13.58096651
06/04/03,T2,R3,0,10,44.13,43.79,17.98203401
06/04/03,T2,R4,0,10,42.57,42.64,17.4215259
06/04/03,T21,R5,0,10,47.69,48.64,12.8650542
06/04/03,T2,R6,0,10,42.92,44.48,12.66866173
06/04/03,T3,R1,0,10,44.01,45.52,12.45975367
06/04/03,T3,R2,0,10,41.56,43.36,12.40331043
06/04/03,T3,R3,0,10,44.55,45.9,12.74484993
06/04/03,T3,R4,0,10,44.27,44.96,14.76642298
06/04/03,T3,R5,0,10,44.52,44.47,16.89948535
06/04/03,T3,R6,0,10,42.94,44.38,13.01784492
06/04/03,T4,R1,0,10,45.82,46.1,15.37493075
06/04/03,T4,R2,0,10,46.66,47,14.88649234
06/04/03,T4,R3,0,10,44.77,44.96,16.06263286
06/04/03,T4,R4,0,10,43.47,43.98,15.63015375
06/04/03,T4,R5,0,10,44.23,44.78,15.20029171
06/04/03,T4,R6,0,10,46.47,47.69,12.50726322
06/04/03,T5,R1,0,10,43.14,43.59,15.95527363
06/04/03,T5,R2,0,10,46.28,47.37,12.92211595
06/04/03,T5,R3,0,10,44.85,46.41,12.05776534
06/04/03,T5,R4,0,10,44.49,45.14,14.80105279
06/04/03,T5,R5,0,10,45.19,45.53,15.44553444
06/04/03,T5,R6,0,10,49.98,48.08,19.87336307
06/04/03,T6,R1,0,10,45.55,46.06,14.81070726
06/04/03,T6,R2,0,10,44.64,46.26,11.95265085
06/04/03,T6,R3,0,10,46.38,46.63,15.24699334
06/04/03,T6,R4,0,10,46.8,47.1,14.94817507
06/04/03,T6,R5,0,10,45.55,45.96,15.10082377
06/04/03,T6,R6,0,10,43.52,45.58,11.03740368
06/04/03,T7,R1,0,10,45.04,47.18,10.40839339
06/04/03,T7,R2,0,10,44.72,45.83,13.37592536
06/04/03,T7,R3,0,10,44.22,45.01,14.48840099
06/04/03,T7,R4,0,10,43.51,45.18,12.15651905
06/04/03,T7,R5,0,10,43.24,44.43,13.65786983
06/04/03,T7,R6,0,10,44.38,45.27,14.13434832
06/04/03,T8,R1,0,10,44.57,44.3,17.55552039
06/04/03,T8,R2,0,10,46.61,46.28,16.83461172
06/04/03,T8,R3,0,10,49.58,48.65,17.31024039
06/04/03,T8,R4,0,10,44.11,44.03,17.17670811
06/04/03,TCF,R1,0,10,42.56,42.05,19.33602512
06/04/03,TCF,R2,0,10,44.73,44.65,16.89839013
06/04/03,TCF,R3,0,10,45.05,44.98,16.72798881
06/04/03,TDF,R1,0,10,46.31,46.65,15.01589509
06/04/03,TDF,R2,0,10,47.85,48.53,13.53929385
06/04/03,TDF,R3,0,10,51.91,45.49,32.74856792
06/04/03,TSF,R1,0,10,42.39,44.85,10.20694676
06/04/03,TSF,R2,0,10,41.92,42.49,16.10901839
06/04/03,TSF,R3,0,10,42.63,43.98,13.39575464
06/17/03,T1,R1,0,10,41.46,43.49,11.87263896
06/17/03,T1,R2,0,10,47.09,47.46,14.76968072
06/17/03,T1,R3,0,10,42.67,42.69,17.67788196
06/17/03,T1,R4,0,10,44.95,46.12,13.25270849
06/17/03,T1,R5,0,10,43.84,45.11,13.34022751
06/17/03,T1,R6,0,10,43.19,45.96,9.258790792
06/17/03,T2,R1,0,10,45.44,45.87,15.21298174
06/17/03,T2,R2,0,10,48.03,48.89,13.11822892
06/17/03,T2,R3,0,10,45.41,45.04,17.61201761
06/17/03,T2,R4,0,10,47.12,46.97,16.23088308
06/17/03,T21,R5,0,10,46.11,47.06,13.48757076
06/17/03,T2,R6,0,10,44.36,45.65,13.10555839
06/17/03,T3,R1,0,10,47.92,48.62,13.5814174
06/17/03,T3,R2,0,10,45.76,47.02,12.73712737
06/17/03,T3,R3,0,10,47.41,48.48,12.74673008
06/17/03,T3,R4,0,10,45.78,46.09,15.4311649
06/17/03,T3,R5,0,10,46.66,46.23,17.2361809
06/17/03,T3,R6,0,10,42.57,44.22,12.6488489
06/17/03,T4,R1,0,10,44.25,44.53,16.14173228
06/17/03,T4,R2,0,10,44.36,44.9,15.31063166
06/17/03,T4,R3,0,10,46.37,46.25,16.44902059
06/17/03,T4,R4,0,10,46.39,46.54,15.65694341
06/17/03,T4,R5,0,10,47.11,48.14,12.9465356
06/17/03,T4,R6,0,10,48.04,47.87,15.92664093
06/17/03,T5,R1,0,10,41.75,42.57,15.52296624
06/17/03,T5,R2,0,10,45.82,47.33,12.02933985
06/17/03,T5,R3,0,10,41.13,43.49,10.98219104
06/17/03,T5,R4,0,10,41.45,42.95,13.49945235
06/17/03,T5,R5,0,10,45.22,45.87,14.65517241
06/17/03,T5,R6,0,10,43.07,43.46,16.31109911
06/17/03,T6,R1,0,10,43.43,45.21,11.99071686
06/17/03,T6,R2,0,10,42.55,44.92,10.54819434
06/17/03,T6,R3,0,10,42.32,44.15,12.19512195
06/17/03,T6,R4,0,10,45.93,47.16,12.76700221
06/17/03,T6,R5,0,10,43.8,45.27,12.77033986
06/17/03,T6,R6,0,10,48,49.78,10.7266436
06/17/03,T7,R1,0,10,46.76,49.89,7.593189139
06/17/03,T7,R2,0,10,41.33,43.73,10.80428954
06/17/03,T7,R3,0,10,44.51,46.48,11.1360799
06/17/03,T7,R4,0,10,43.46,45.96,9.941816342
06/17/03,T7,R5,0,10,41.57,44.22,10.0026462
06/17/03,T7,R6,0,10,45.34,47.41,10.63933626
06/17/03,T8,R1,0,10,42.11,43.54,13.47345729
06/17/03,T8,R2,0,10,43.29,45.19,11.6873065
06/17/03,T8,R3,0,10,41.95,44.27,10.8615222
06/17/03,T8,R4,0,10,46.87,48.41,11.648404
06/17/03,TCF,R1,0,10,43.52,44.57,14.10592554
06/17/03,TCF,R2,0,10,49.78,51.13,11.36465324
06/17/03,TCF,R3,0,10,42.36,43.55,14.11637931
06/17/03,TDF,R1,0,10,43.92,43.54,18.35084883
06/17/03,TDF,R2,0,10,40.72,41.21,17.07878091
06/17/03,TDF,R3,0,10,41.25,42.81,13.38647609
06/17/03,TSF,R1,0,10,42.6,46.39,6.606606607
06/17/03,TSF,R2,0,10,44.88,46.93,10.81481481
06/17/03,TSF,R3,0,10,44.83,46.95,10.63672261,
07/09/03,T1,R1,0,10,49.57,50.31,13.20453092,
07/09/03,T1,R2,0,10,47.98,47.63,16.71694074,
07/09/03,T1,R3,0,10,40.5,44.04,7.948184871,was 34.04 verified dry wt from hard copy but think it may be 44.04 or soil was lost from bag at some point.
07/09/03,T1,R4,0,10,45.29,45.56,16.01516471,
07/09/03,T1,R5,0,10,44.57,47.73,8.158609979,
07/09/03,T1,R6,0,10,41.9,44.47,10.41425108,
07/09/03,T2,R1,0,10,43.68,44.52,14.9534186,
07/09/03,T2,R2,0,10,41.98,43.05,14.92553657,
07/09/03,T2,R3,0,10,48.12,46.88,19.23286585,
07/09/03,T2,R4,0,10,42.52,42.59,17.88843296,
07/09/03,T21,R5,0,10,44.18,44.83,15.32839094,
07/09/03,T2,R6,0,10,42.15,43.24,14.79383409,
07/09/03,T3,R1,0,10,47.69,48.11,14.67250168,
07/09/03,T3,R2,0,10,42.44,43.34,15.26970504,
07/09/03,T3,R3,0,10,41.42,42.35,15.60790443,
07/09/03,T3,R4,0,10,46.25,45.67,18.14141208
07/09/03,T3,R5,0,10,41.09,40.99,19.21202275
07/09/03,T3,R6,0,10,42.07,43.1,15.01448958
07/09/03,T4,R1,0,10,44.38,44.22,17.72507825
07/09/03,T4,R2,0,10,44.43,44.49,17.01959545
07/09/03,T4,R3,0,10,42.87,42.35,19.65501842
07/09/03,T4,R4,0,10,40.27,40.78,17.54918559
07/09/03,T4,R5,0,10,44.15,44.17,17.27050574
07/09/03,T4,R6,0,10,41.17,42.51,14.39924419
07/09/03,T5,R1,0,10,42.67,43.53,15.29939473
07/09/03,T5,R2,0,10,44.03,45,14.42902438
07/09/03,T5,R3,0,10,41.32,42.53,14.75227727
07/09/03,T5,R4,0,10,43.7,44.27,15.76772279
07/09/03,T5,R5,0,10,43.53,43.98,16.21015537
07/09/03,T5,R6,0,10,41.92,41.54,19.7098635
07/09/03,T6,R1,0,10,49.44,49.73,14.42325495
07/09/03,T6,R2,0,10,43.54,44.93,13.36179963
07/09/03,T6,R3,0,10,43,43.75,15.50445901
07/09/03,T6,R4,0,10,42.53,45.05,10.38725083
07/09/03,T6,R5,0,10,44.38,43.67,19.46807365
07/09/03,T6,R6,0,10,40.16,42.49,11.65480427
07/09/03,T7,R1,0,10,46.94,48.64,11.44878674
07/09/03,T7,R2,0,10,44.88,45.95,13.82773663
07/09/03,T7,R3,0,10,43.78,44.84,14.25439741
07/09/03,T7,R4,0,10,47.84,48.46,14.07315561
07/09/03,T7,R5,0,10,49.97,50,14.93168959
07/09/03,T7,R6,0,10,45.21,45.77,15.19058296
07/09/03,T8,R1,0,10,41.61,43.26,13.26147313
07/09/03,T8,R2,0,10,46.37,46.63,15.61284532
07/09/03,T8,R3,0,10,47.4,48.52,12.86251726
07/09/03,T8,R4,0,10,48.86,49.19,14.5120465
07/09/03,TCF,R1,0,10,45.87,47.65,11.529858
07/09/03,TCF,R2,0,10,44.65,45.41,14.8169101
07/09/03,TCF,R3,0,10,47.11,48.31,12.7357136
07/09/03,TDF,R1,0,10,43.96,49.5,2.284889944
07/09/03,TDF,R2,0,10,43.19,43.96,15.36406859
07/09/03,TDF,R3,0,10,44.85,45.26,15.77778925
07/09/03,TSF,R1,0,10,45.9,48.05,10.52783664
07/09/03,TSF,R2,0,10,46.76,47.43,14.30527036
07/09/03,TSF,R3,0,10,44.81,48.97,5.564455334
07/23/03,T1,R1,6.528,10,48.87,51.44,8.812789455
07/23/03,T1,R2,6.528,10,42.99,45.24,11.05083695
07/23/03,T1,R3,6.528,10,44.57,45.09,15.58010477
07/23/03,T1,R4,6.528,10,46.12,48.68,9.413550958
07/23/03,T1,R5,6.528,10,43.04,45.85,9.455266772
07/23/03,T1,R6,6.528,10,47.58,51.67,5.400735457
07/23/03,T2,R1,6.528,10,46.91,48.54,11.65857374
07/23/03,T2,R2,6.528,10,45.95,47.69,11.63208785
07/23/03,T2,R3,6.528,10,43.78,44.1,16.52294262
07/23/03,T2,R4,6.528,10,43.7,44.91,13.85545308
07/23/03,T21,R5,6.528,10,44.12,46.1,11.49297483
07/23/03,T2,R6,6.528,10,44.16,46.72,9.872611465
07/23/03,T3,R1,6.528,10,46.28,48.39,10.55372414
07/23/03,T3,R2,6.528,10,44.05,47.09,8.5991815
07/23/03,T3,R3,6.528,10,45.74,48.26,9.604140707
07/23/03,T3,R4,6.528,10,44.49,46.6,11.02515472
07/23/03,T3,R5,6.528,10,43.49,44.7,13.93167767
07/23/03,T3,R6,6.528,10,46.16,49.1,8.428074791
07/23/03,T4,R1,6.528,10,48.01,49.22,12.45666635
07/23/03,T4,R2,6.528,10,46.47,48.32,11.19352986
07/23/03,T4,R3,6.528,10,43.36,45.01,12.67605634
07/23/03,T4,R4,6.528,10,45.4,47.08,11.95502071
07/23/03,T4,R5,6.528,10,44.54,46.15,12.4122962
07/23/03,T4,R6,6.528,10,48.19,51.15,7.996055757
07/23/03,T5,R1,6.528,10,49.02,50.65,11.10103803
07/23/03,T5,R2,6.528,10,44.75,46.76,11.22986677
07/23/03,T5,R3,6.528,10,42.81,44.57,12.53351559
07/23/03,T5,R4,6.528,10,46.2,48.33,10.5210277
07/23/03,T5,R5,6.528,10,48.53,49.52,12.88146632
07/23/03,T5,R6,6.528,10,45.29,46.6,13.02156119
07/23/03,T6,R1,6.528,10,48.26,50.15,10.63224978
07/23/03,T6,R2,6.528,10,44.89,47.53,9.48246427
07/23/03,T6,R3,6.528,10,42.35,44.88,10.42448894
07/23/03,T6,R4,6.528,10,44.02,46.11,11.21216715
07/23/03,T6,R5,6.528,10,44.77,46.83,11.08629845
07/23/03,T6,R6,6.528,10,42.47,46.06,7.43195386
07/23/03,T7,R1,6.528,10,44.3,48.43,5.72287719
07/23/03,T7,R2,6.528,10,46.67,49.83,7.777931735
07/23/03,T7,R3,6.528,10,43.16,46.16,8.901897457
07/23/03,T7,R4,6.528,10,42.16,45.75,7.490693998
07/23/03,T7,R5,6.528,10,42.95,45.77,9.449059681
07/23/03,T7,R6,6.528,10,43.29,46.36,8.681462141
07/23/03,T8,R1,6.528,10,41.97,45.69,7.170216026
07/23/03,T8,R2,6.528,10,41.53,44.85,8.371170607
07/23/03,T8,R3,6.528,10,43.73,47.12,7.730587308
07/23/03,T8,R4,6.528,10,48.87,51.57,8.498734514
07/23/03,TCF,R1,6.528,10,44.95,47.62,9.388688796
07/23/03,TCF,R2,6.528,10,44.78,45.09,16.12468233
07/23/03,TCF,R3,6.528,10,42.47,45.37,9.340404717
07/23/03,TDF,R1,6.528,10,44.91,46.55,12.21328269
07/23/03,TDF,R2,6.528,10,44.26,46.43,10.92175831
07/23/03,TDF,R3,6.528,10,43.31,44.32,14.60097375
07/23/03,TSF,R1,6.528,10,40.94,45.75,4.380194789
07/23/03,TSF,R2,6.528,10,46.6,49.96,7.294160987
07/23/03,TSF,R3,6.528,10,46.03,48.98,8.428342599
08/20/03,T1,R1,0,6,44.61,49.25,5.083388297
08/20/03,T1,R2,0,6,44.6,47.17,10.47260478
08/20/03,T1,R3,0,6,46.02,48,11.69360711
08/20/03,T1,R4,0,6,49.02,53.13,5.801605802
08/20/03,T1,R5,0,6,43.6,47.67,6.674495987
08/20/03,T1,R6,0,6,43.97,48.97,4.263492365
08/20/03,T2,R1,0,6,46.35,50.07,7.113144759
08/20/03,T2,R2,0,6,45.03,48.52,7.928670725
08/20/03,T2,R3,0,6,46.02,48.24,11.04676415
08/20/03,T2,R4,0,6,44.44,47.53,9.10340764
08/20/03,T21,R5,0,6,44.87,48.6,7.339361753
08/20/03,T2,R6,0,6,43.83,47.47,7.764555468
08/20/03,T3,R1,0,6,47.4,52.07,4.700477116
08/20/03,T3,R2,0,6,45.56,50.24,4.875466139
08/20/03,T3,R3,0,6,43.88,48.16,6.08771336
08/20/03,T3,R4,0,6,43.47,47.95,5.63277605
08/20/03,T3,R5,0,6,44.88,48.58,7.414676176
08/20/03,T3,R6,0,6,44.48,48.81,5.874512044
08/20/03,T4,R1,0,6,47.81,50.4,9.650933443
08/20/03,T4,R2,0,6,44.41,48.59,6.264356815
08/20/03,T4,R3,0,6,45.26,47.91,10.08951158
08/20/03,T4,R4,0,6,44.46,48.72,6.054100472
08/20/03,T4,R5,0,6,42.96,46.2,9.029998477
08/20/03,T4,R6,0,6,47.3,51.89,4.896655726
08/20/03,T5,R1,0,6,47.34,49.63,10.52484124
08/20/03,T5,R2,0,6,46.27,48.91,9.873670213
08/20/03,T5,R3,0,6,46.77,49.83,8.68655884
08/20/03,T5,R4,0,6,47.26,50.33,8.563815125
08/20/03,T5,R5,0,6,43.91,46.47,10.6825973
08/20/03,T5,R6,0,6,42.41,45.05,10.87001987
08/20/03,T6,R1,0,6,44.17,47.83,7.647689608
08/20/03,T6,R2,0,6,46.11,50.2,6.239343809
08/20/03,T6,R3,0,6,42.26,46.57,6.255657246
08/20/03,T6,R4,0,6,48.69,52.31,6.982773774
08/20/03,T6,R5,0,6,49.35,53.2,6.353174432
08/20/03,T6,R6,0,6,49.6,53.77,5.594822447
08/20/03,T7,R1,0,6,45.64,48.96,8.249134292
08/20/03,T7,R2,0,6,40.54,43.8,9.561645316
08/20/03,T7,R3,0,6,41.79,46.19,6.087530463
08/20/03,T7,R4,0,6,46.15,50.56,5.456788995
08/20/03,T7,R5,0,6,44.99,49.39,5.630165289
08/20/03,T7,R6,0,6,42.22,45.89,8.001637164
08/20/03,T8,R1,0,6,43.22,47.09,7.266951256
08/20/03,T8,R2,0,6,44.68,48.26,7.761323622
08/20/03,T8,R3,0,6,40.66,44.72,7.220083329
08/20/03,T8,R4,0,6,44.27,47.99,7.472324723
08/20/03,TCF,R1,0,10,48.95,44.66,29.28529924
08/20/03,TCF,R2,0,10,45.07,45.91,15.23317652
08/20/03,TCF,R3,0,10,44.03,46.51,10.87328767
08/20/03,TDF,R1,0,10,41.21,43.75,11.52305694
08/20/03,TDF,R2,0,10,43.4,46.36,9.701228452
08/20/03,TDF,R3,0,10,46.59,49.51,9.079415621
08/20/03,TSF,R1,0,10,50,53.26,7.614825018
08/20/03,TSF,R2,0,10,42.93,46.21,8.926215366
08/20/03,TSF,R3,0,10,42.72,46.51,7.574536664
09/09/03,T1,R1,6.644,6,42.68,46.54,6.978143172
09/09/03,T1,R2,6.644,6,42.54,46.07,7.898341196
09/09/03,T1,R3,6.644,6,42.8,47.66,4.349522138
09/09/03,T1,R4,6.644,6,43.71,47.42,7.195409064
09/09/03,T1,R5,6.644,6,44.56,48.3,6.971384674
09/09/03,T1,R6,6.644,6,48.06,51.96,6.055256422
09/09/03,T2,R1,6.644,6,47.58,51.04,7.171817281
09/09/03,T2,R2,6.644,6,40.97,44.91,7.066325197
09/09/03,T2,R3,6.644,6,45.54,47.94,10.27702441
09/09/03,T2,R4,6.644,6,43.61,47.03,7.982964394
09/09/03,T21,R5,6.644,6,44.32,47.61,8.187277254
09/09/03,T2,R6,6.644,6,46.36,49.93,7.10160329
09/09/03,T3,R1,6.644,6,43.31,47.98,4.775498355
09/09/03,T3,R2,6.644,6,45.61,49.75,5.808936111
09/09/03,T3,R3,6.644,6,46.98,50.66,6.73391494
09/09/03,T3,R4,6.644,6,46.77,50.58,6.450291333
09/09/03,T3,R5,6.644,6,43.34,47.2,6.864582306
09/09/03,T3,R6,6.644,6,47.96,52.3,5.046434204
09/09/03,T4,R1,6.644,6,42.13,44.84,10.2995078
09/09/03,T4,R2,6.644,6,43.35,47.4,6.364707037
09/09/03,T4,R3,6.644,6,44.14,46.45,10.88780586
09/09/03,T4,R4,6.644,6,44.61,48.62,6.275014294
09/09/03,T4,R5,6.644,6,43.9,47.69,6.953174487
09/09/03,T4,R6,6.644,6,44.63,49.42,4.334206097
09/09/03,T5,R1,6.644,6,40.96,43.98,9.706449539
09/09/03,T5,R2,6.644,6,43.57,46.4,9.593520475
09/09/03,T5,R3,6.644,6,44.14,46.98,9.430781436
09/09/03,T5,R4,6.644,6,41.51,44.83,8.704760907
09/09/03,T5,R5,6.644,6,45.14,47.03,11.77140593
09/09/03,T5,R6,6.644,6,42.56,45.17,10.47085085
09/09/03,T6,R1,6.644,6,42.31,46.06,7.342196063
09/09/03,T6,R2,6.644,6,45.21,49.02,6.687747782
09/09/03,T6,R3,6.644,6,47.2,50.77,6.966414359
09/09/03,T6,R4,6.644,6,43.58,46.93,8.176537755
09/09/03,T6,R5,6.644,6,44.51,45.76,13.78975355
09/09/03,T6,R6,6.644,6,49.91,53.52,6.472395256
09/09/03,T7,R1,6.644,3,42.72,47.53,4.485643007
09/09/03,T7,R2,6.644,3,45.78,49.82,6.031128405
09/09/03,T7,R3,6.644,3,46.15,50.1,6.19937408
09/09/03,T7,R4,6.644,3,45.95,50.39,5.038174919
09/09/03,T7,R5,6.644,3,44.36,48.77,5.303138204
09/09/03,T7,R6,6.644,3,44.12,47.77,7.280066138
09/09/03,T8,R1,6.644,3,40.7,44.67,7.032030716
09/09/03,T8,R2,6.644,3,42.42,45.98,7.840146431
09/09/03,T8,R3,6.644,3,43.14,47.05,6.766321833
09/09/03,T8,R4,6.644,3,47.66,50.85,7.813418993
09/09/03,TCF,R1,6.644,10,41.06,44.77,7.695535855
09/09/03,TCF,R2,6.644,10,42.35,38.75,31.9068087
09/09/03,TCF,R3,6.644,10,41.92,45.22,8.66860224
09/09/03,TDF,R1,6.644,10,42.99,46.69,7.351545722
09/09/03,TDF,R2,6.644,10,43.43,47.26,6.928304117
09/09/03,TDF,R3,6.644,10,42.74,46.31,7.749710079
09/09/03,TSF,R1,6.644,10,43.91,48.01,6.149978243
09/09/03,TSF,R2,6.644,10,45.26,48.65,7.746512403
09/09/03,TSF,R3,6.644,3,42.34,46.88,5.229148027
09/23/03,T1,R1,0,10,44.84,45.3,16.322507
09/23/03,T1,R2,0,10,44.33,44.41,17.71735089
09/23/03,T1,R3,0,10,48.45,46.64,21.46510229
09/23/03,T1,R4,0,10,45.19,45.4,16.92713724
09/23/03,T1,R5,0,10,47.04,46.64,17.93020457
09/23/03,T1,R6,0,10,45.95,47.31,13.29454115
09/23/03,T2,R1,0,10,42.29,43.08,16.41158335
09/23/03,T2,R2,0,10,43.15,43.92,16.09448988
09/23/03,T2,R3,0,10,41.72,41.51,20.02992117
09/23/03,T2,R4,0,10,41.77,41.87,18.94185318
09/23/03,T21,R5,0,10,42.71,43.26,16.98805741
09/23/03,T2,R6,0,10,41.26,42.28,16.13375366
09/23/03,T3,R1,0,10,46.82,47.59,14.64812185
09/23/03,T3,R2,0,10,44.5,45.47,14.9336226
09/23/03,T3,R3,0,10,48.2,48.47,15.53765761
09/23/03,T3,R4,0,10,45.19,44.9,18.45968334
09/23/03,T3,R5,0,10,43.73,43.71,18.32350235
09/23/03,T3,R6,0,10,47.73,47.92,15.93956471
09/23/03,T4,R1,0,10,44.34,44.83,16.44519145
09/23/03,T4,R2,0,10,45.22,45.23,17.52170071
09/23/03,T4,R3,0,10,46.43,45.48,19.88741995
09/23/03,T4,R4,0,10,43.68,44.31,16.30012248
09/23/03,T4,R5,0,10,47.74,47.79,16.33120522
09/23/03,T4,R6,0,10,48.56,49,14.94035221
09/23/03,T5,R1,0,10,45.68,45.73,17.19431474
09/23/03,T5,R2,0,10,41.6,42.56,16.17515639
09/23/03,T5,R3,0,10,43.87,44.6,15.91101247
09/23/03,T5,R4,0,10,46.9,46.81,17.08023366
09/23/03,T5,R5,0,10,40.58,41,18.48867087
09/23/03,T5,R6,0,10,42.43,41.91,20.68377041
09/23/03,T6,R1,0,10,48.35,48.59,15.56479755
09/23/03,T6,R2,0,10,42.25,43.28,15.66469558
09/23/03,T6,R3,0,10,45.72,45.93,16.69814692
09/23/03,T6,R4,0,10,45.03,45.72,15.55635393
09/23/03,T6,R5,0,10,44.92,45.07,17.2295005
09/23/03,T6,R6,0,10,45.58,46.87,13.61483623
09/23/03,T7,R1,0,10,41.38,42.71,15.07870293
09/23/03,T7,R2,0,10,43.33,43.62,17.52739503
09/23/03,T7,R3,0,10,41.27,41.77,17.85367525
09/23/03,T7,R4,0,10,41.99,42.77,16.58059859
09/23/03,T7,R5,0,10,45.51,45.29,18.09123463
09/23/03,T7,R6,0,10,42.05,42.46,17.76072589
09/23/03,T8,R1,0,5,44.08,44.61,16.43509958
09/23/03,T8,R2,0,5,45.94,45.24,19.36187903
09/23/03,T8,R3,0,5,43.86,43.89,18.10005924
09/23/03,T8,R4,0,5,44.8,44.81,17.71506648
09/23/03,TCF,R1,0,10,42.34,45.85,8.291984245
09/23/03,TCF,R2,0,10,41.22,45.4,6.654936866
09/23/03,TCF,R3,0,10,42.42,44.31,12.94531125
09/23/03,TDF,R1,0,10,42.08,42.56,17.51563896
09/23/03,TDF,R2,0,10,42.61,42.51,19.16214553
09/23/03,TDF,R3,0,10,42.54,43.03,17.26115001
09/23/03,TSF,R1,0,10,44.02,45.82,12.67533531
09/23/03,TSF,R2,0,10,42.18,43.63,14.37713542
09/23/03,TSF,R3,0,10,46.47,47.31,14.57665565
10/07/03,T1,R1,0,10,48.92,48.67,16.24370307
10/07/03,T1,R2,0,10,43.93,44.12,17.0405499
10/07/03,T1,R3,0,10,45.5,44.79,19.0974767
10/07/03,T1,R4,0,10,45.63,45.69,16.68882979
10/07/03,T1,R5,0,10,46.6,46.49,16.78027265
10/07/03,T1,R6,0,10,49.33,50.66,11.92539819
10/07/03,T2,R1,0,10,45.57,45.73,16.41630901
10/07/03,T2,R2,0,10,47.44,47.77,15.19036519
10/07/03,T2,R3,0,10,43.9,43.38,19.31293146
10/07/03,T2,R4,0,10,45.39,44.72,19.02763938
10/07/03,T21,R5,0,10,44.07,45.01,14.69394129
10/07/03,T2,R6,0,10,45.02,45.79,14.8352209
10/07/03,T3,R1,0,10,45.99,46.85,14.22114047
10/07/03,T3,R2,0,10,44.56,45.48,14.56779966
10/07/03,T3,R3,0,10,43.6,45.04,13.38222292
10/07/03,T3,R4,0,10,43.62,43.77,17.30851979
10/07/03,T3,R5,0,10,46.44,45.87,18.21606761
10/07/03,T3,R6,0,10,47,47.36,15.26953451
10/07/03,T4,R1,0,10,44.28,44.6,16.48340085
10/07/03,T4,R2,0,10,47.33,46.98,17.17086696
10/07/03,T4,R3,0,10,42.88,42.04,20.94545044
10/07/03,T4,R4,0,10,48.4,47.58,18.06605845
10/07/03,T4,R5,0,10,40.85,41.2,18.01583174
10/07/03,T4,R6,0,10,41.51,42.79,14.65583913
10/07/03,T5,R1,0,10,45.37,45,18.10798147
10/07/03,T5,R2,0,10,44.81,45.36,15.56713261
10/07/03,T5,R3,0,10,44.64,45.79,13.86593205
10/07/03,T5,R4,0,10,42.54,43.29,15.90017437
10/07/03,T5,R5,0,10,46.92,46.31,18.11499345
10/07/03,T5,R6,0,10,42.13,41.58,20.39206721
10/07/03,T6,R1,0,10,47.39,47.46,15.94167441
10/07/03,T6,R2,0,10,43.78,44.59,15.19840017
10/07/03,T6,R3,0,10,46.62,46.85,15.78581363
10/07/03,T6,R4,0,10,46.15,46.37,16.0014076
10/07/03,T6,R5,0,10,42.81,43.02,17.50013723
10/07/03,T6,R6,0,10,47.63,48.39,13.93646541
10/07/03,T7,R1,0,10,41.57,42.54,15.61995884
10/07/03,T7,R2,0,10,44.16,44.31,17.06075708
10/07/03,T7,R3,0,10,41.57,41.88,17.78205927
10/07/03,T7,R4,0,10,43.06,43.56,16.46021529
10/07/03,T7,R5,0,10,41.65,42.14,17.14575013
10/07/03,T7,R6,0,10,44.38,44.16,18.11358918
10/07/03,T8,R1,0,10,45.98,44.75,20.48003354
10/07/03,T8,R2,0,10,43.08,41.82,22.26826361
10/07/03,T8,R3,0,10,46.79,45.57,20.02359943
10/07/03,T8,R4,0,10,43.02,42.52,19.71948572
10/07/03,TCF,R1,0,10,42.07,44.55,10.81550943
10/07/03,TCF,R2,0,10,43.04,44.21,14.39506698
10/07/03,TCF,R3,0,10,43.81,44.64,15.12587376
10/07/03,TDF,R1,0,10,43.26,43.57,16.96950032
10/07/03,TDF,R2,0,10,43.86,44.09,16.9475256
10/07/03,TDF,R3,0,10,46.56,47.26,14.47116094
10/07/03,TSF,R1,0,10,42.1,43.92,12.76584347
10/07/03,TSF,R2,0,10,47.65,47.71,15.86907888
10/07/03,TSF,R3,0,10,41.97,43.78,12.84078077
11/11/03,T1,R1,0,10,42.14,42.49,17.48961441
11/11/03,T1,R2,0,10,49.92,41.75,42.1129046
11/11/03,T1,R3,0,10,42.99,42.07,21.27965695
11/11/03,T1,R4,0,10,42.16,42.22,18.43694693
11/11/03,T1,R5,0,10,41.71,41.97,18.00152771
11/11/03,T1,R6,0,10,44.11,45.78,12.64907935
11/11/03,T2,R1,0,10,49.33,48.27,18.44790741
11/11/03,T2,R2,0,10,42.35,42.66,17.51810639
11/11/03,T2,R3,0,10,42.34,41.44,21.60726082
11/11/03,T2,R4,0,10,45.56,44.15,21.40592107
11/11/03,T21,R5,0,10,42.25,42.65,17.27315624
11/11/03,T2,R6,0,10,44.02,44.25,16.99045898
11/11/03,T3,R1,0,10,43.67,43.98,16.8991086
11/11/03,T3,R2,0,10,42.78,43.05,17.44036017
11/11/03,T3,R3,0,10,43.65,44.01,16.75181213
11/11/03,T3,R4,0,10,42.07,41.84,19.45935202
11/11/03,T3,R5,0,10,45.02,43.55,21.91621307
11/11/03,T3,R6,0,10,43.57,43.88,16.94446681
11/11/03,T4,R1,0,10,44.92,44.26,19.350639
11/11/03,T4,R2,0,10,47.17,46.13,19.39656263
11/11/03,T4,R3,0,10,46.72,45.04,21.61282765
11/11/03,T4,R4,0,10,48.62,49.78,12.65843316
11/11/03,T4,R5,0,10,44.21,43.34,20.4074407
11/11/03,T4,R6,0,10,45.92,45.99,16.64592171
11/11/03,T5,R1,0,10,45.11,43.96,20.81849104
11/11/03,T5,R2,0,10,43.01,43.18,17.6518861
11/11/03,T5,R3,0,10,42.77,43.47,16.07457866
11/11/03,T5,R4,0,10,40.97,41.46,17.60484542
11/11/03,T5,R5,0,10,44.76,44.53,18.07845517
11/11/03,T5,R6,0,10,42.34,41.22,22.38055323
11/11/03,T6,R1,0,10,46.47,45.58,19.28536592
11/11/03,T6,R2,0,10,41.47,41.65,18.39438148
11/11/03,T6,R3,0,10,44.13,43.9,18.38399013
11/11/03,T6,R4,0,10,41.18,40.89,20.17392827
11/11/03,T6,R5,0,10,45.43,44.22,20.8341091
11/11/03,T6,R6,0,10,48.5,48.21,16.62298314
11/11/03,T7,R1,0,10,41.77,42.02,18.00435065
11/11/03,T7,R2,0,10,48.33,46.81,20.26277154
11/11/03,T7,R3,0,10,45.41,44.07,21.26472081
11/11/03,T7,R4,0,10,44.91,44.11,19.8015312
11/11/03,T7,R5,0,10,41.22,40.85,20.4312385
11/11/03,T7,R6,0,10,43.22,42.68,19.86576809
11/11/03,T8,R1,0,10,40.75,39.52,23.87147764
11/11/03,T8,R2,0,10,43.72,41.74,24.49810633
11/11/03,T8,R3,0,10,42.52,40.93,23.93972076
11/11/03,T8,R4,0,10,42.51,41.09,23.33536426
11/11/03,TCF,R1,0,10,41.94,43.17,14.75634115
11/11/03,TCF,R2,0,10,44.61,44.61,17.43491194
11/11/03,TCF,R3,0,10,44.01,43.35,19.83009775
11/11/03,TDF,R1,0,10,43.37,42.37,21.32486642
11/11/03,TDF,R2,0,10,42.59,42.14,19.91440719
11/11/03,TDF,R3,0,10,43.02,41.42,23.63134753
11/11/03,TSF,R1,0,10,44.49,45.3,15.02960416
11/11/03,TSF,R2,0,10,48.52,47.41,18.95947238
11/11/03,TSF,R3,0,10,43.46,44.46,14.86111478